﻿<?xml version="1.0" encoding="utf-8"?><toc><breadcrumbs><li><a href="8a9df0d3-e58e-b424-4867-7bd645819a07.htm">Docs</a></li><li><a href="8a9df0d3-e58e-b424-4867-7bd645819a07.htm">Mediateq_<wbr />AP_<wbr />SIO<wbr />2</a></li></breadcrumbs><tocItems><li><a id="5be0c52c-5898-ff43-40b2-fd7f08895b00" class="has-submenu" href="5be0c52c-5898-ff43-40b2-fd7f08895b00.htm"><span data-tocFile="../toc/IDAA.xml" class="icon toggle" onclick="ToggleExpandCollapse(this); return false;"><i class="fa fa-angle-right"> </i></span>DAODocuments</a><ul class="toc-menu is-hidden"> </ul></li><li><a id="d34cce89-3331-0690-46f0-9bd03791cad0" class="has-submenu" href="d34cce89-3331-0690-46f0-9bd03791cad0.htm"><span data-tocFile="../toc/IDBA.xml" class="icon toggle" onclick="ToggleExpandCollapse(this); return false;"><i class="fa fa-angle-right"> </i></span>DAOFactory</a><ul class="toc-menu is-hidden"> </ul></li><li><a id="92c44fde-f4c3-0e08-6b0e-d44a2919dbe4" class="has-submenu" href="92c44fde-f4c3-0e08-6b0e-d44a2919dbe4.htm"><span data-tocFile="../toc/IDCA.xml" class="icon toggle" onclick="ToggleExpandCollapse(this); return false;"><i class="fa fa-angle-right"> </i></span>DAOPresse</a><ul class="toc-menu is-hidden"> </ul></li><li><a id="e39ecf92-0802-0bdc-f489-112508fde1a6" class="has-submenu" href="e39ecf92-0802-0bdc-f489-112508fde1a6.htm"><span data-tocFile="../toc/IDDA.xml" class="icon toggle" onclick="ToggleExpandCollapse(this); return false;"><i class="fa fa-angle-right"> </i></span>Frm<wbr />Mediateq</a><ul class="toc-menu is-hidden"> </ul></li><li><a id="959d906b-50dc-e130-12ac-148254d1d312" class="has-submenu" href="959d906b-50dc-e130-12ac-148254d1d312.htm"><span data-tocFile="../toc/IDEA.xml" class="icon toggle" onclick="ToggleExpandCollapse(this); return false;"><i class="fa fa-angle-right"> </i></span>Program</a><ul class="toc-menu is-hidden"> </ul></li></tocItems></toc>