﻿<?xml version="1.0" encoding="utf-8"?><toc><breadcrumbs><li><a href="8a9df0d3-e58e-b424-4867-7bd645819a07.htm">Docs</a></li><li><a href="8a9df0d3-e58e-b424-4867-7bd645819a07.htm">Mediateq_<wbr />AP_<wbr />SIO<wbr />2</a></li><li><a href="5be0c52c-5898-ff43-40b2-fd7f08895b00.htm">DAODocuments</a></li></breadcrumbs><tocItems><li><a id="53480c91-a1f6-a810-9c66-f75d048b15a6" href="53480c91-a1f6-a810-9c66-f75d048b15a6.htm">Constructor</a></li><li><a id="bd0d1c3e-2c3c-e90d-406c-ad384b136d2b" class="has-submenu" href="bd0d1c3e-2c3c-e90d-406c-ad384b136d2b.htm"><span data-tocFile="../toc/IDBAA.xml" class="icon toggle" onclick="ToggleExpandCollapse(this); return false;"><i class="fa fa-angle-right"> </i></span>Methods</a><ul class="toc-menu is-hidden"> </ul></li></tocItems></toc>