﻿<?xml version="1.0" encoding="utf-8"?><toc><breadcrumbs><li><a href="8a9df0d3-e58e-b424-4867-7bd645819a07.htm">Docs</a></li><li><a href="5bd5c5e3-9138-73cc-5bf0-32a77cef8cf9.htm">Mediateq_<wbr />AP_<wbr />SIO<wbr />2.<wbr />metier</a></li><li><a href="7cf07a73-c2d3-55c2-a5b3-36bca5c95d65.htm">Categorie</a></li></breadcrumbs><tocItems><li><a id="0f203b07-31ef-3752-6754-1a1a698c6219" href="0f203b07-31ef-3752-6754-1a1a698c6219.htm">Constructor</a></li><li><a id="cc90e856-70e1-d52b-0d1f-5a2dfbc57e67" class="has-submenu" href="cc90e856-70e1-d52b-0d1f-5a2dfbc57e67.htm"><span data-tocFile="../toc/IDBAB.xml" class="icon toggle" onclick="ToggleExpandCollapse(this); return false;"><i class="fa fa-angle-right"> </i></span>Properties</a><ul class="toc-menu is-hidden"> </ul></li><li><a id="09343607-11e2-a6ba-3efb-371e0e0470e4" href="09343607-11e2-a6ba-3efb-371e0e0470e4.htm">Methods</a></li><li><a id="5e55730e-3b77-09b1-e5c6-efdcdfbf97ff" class="has-submenu" href="5e55730e-3b77-09b1-e5c6-efdcdfbf97ff.htm"><span data-tocFile="../toc/IDDAB.xml" class="icon toggle" onclick="ToggleExpandCollapse(this); return false;"><i class="fa fa-angle-right"> </i></span>Fields</a><ul class="toc-menu is-hidden"> </ul></li></tocItems></toc>