﻿<?xml version="1.0" encoding="utf-8"?><toc><breadcrumbs><li><a href="8a9df0d3-e58e-b424-4867-7bd645819a07.htm">Docs</a></li><li><a href="7da61a03-d7ac-6bb0-a7ff-f7d8fdb5ea54.htm">Mediateq_<wbr />AP_<wbr />SIO<wbr />2.<wbr />modele</a></li><li><a href="92c6f3d8-d189-b30b-f34b-2da2f96fad5d.htm">DAOCommande</a></li></breadcrumbs><tocItems><li><a id="be8d7f70-0a3e-2ee8-21d0-a56847c4986c" href="be8d7f70-0a3e-2ee8-21d0-a56847c4986c.htm">Constructor</a></li><li><a id="b331ad6a-8317-7158-27a0-c17ad25012c9" class="has-submenu" href="b331ad6a-8317-7158-27a0-c17ad25012c9.htm"><span data-tocFile="../toc/IDBAC.xml" class="icon toggle" onclick="ToggleExpandCollapse(this); return false;"><i class="fa fa-angle-right"> </i></span>Methods</a><ul class="toc-menu is-hidden"> </ul></li></tocItems></toc>