﻿<?xml version="1.0" encoding="utf-8"?><toc><breadcrumbs><li><a href="8a9df0d3-e58e-b424-4867-7bd645819a07.htm">Docs</a></li><li><a href="8a9df0d3-e58e-b424-4867-7bd645819a07.htm">Mediateq_<wbr />AP_<wbr />SIO<wbr />2</a></li><li><a href="959d906b-50dc-e130-12ac-148254d1d312.htm">Program</a></li><li><a href="829411cc-b703-e072-8777-bf747978af55.htm">Methods</a></li></breadcrumbs><tocItems><li><a id="0d686af5-cbb1-6a7a-01e0-6fd3a8386243" href="0d686af5-cbb1-6a7a-01e0-6fd3a8386243.htm">Main</a></li></tocItems></toc>