﻿<?xml version="1.0" encoding="utf-8"?><toc><breadcrumbs><li><a href="8a9df0d3-e58e-b424-4867-7bd645819a07.htm">Docs</a></li><li><a href="5bd5c5e3-9138-73cc-5bf0-32a77cef8cf9.htm">Mediateq_<wbr />AP_<wbr />SIO<wbr />2.<wbr />metier</a></li></breadcrumbs><tocItems><li><a id="7cf07a73-c2d3-55c2-a5b3-36bca5c95d65" class="has-submenu" href="7cf07a73-c2d3-55c2-a5b3-36bca5c95d65.htm"><span data-tocFile="../toc/IDAB.xml" class="icon toggle" onclick="ToggleExpandCollapse(this); return false;"><i class="fa fa-angle-right"> </i></span>Categorie</a><ul class="toc-menu is-hidden"> </ul></li><li><a id="19bfbd2a-c481-a23b-a586-a11789b58b62" class="has-submenu" href="19bfbd2a-c481-a23b-a586-a11789b58b62.htm"><span data-tocFile="../toc/IDBB.xml" class="icon toggle" onclick="ToggleExpandCollapse(this); return false;"><i class="fa fa-angle-right"> </i></span>Commande</a><ul class="toc-menu is-hidden"> </ul></li><li><a id="b322eab7-6aef-36c8-df82-c60c253fca3a" class="has-submenu" href="b322eab7-6aef-36c8-df82-c60c253fca3a.htm"><span data-tocFile="../toc/IDCB.xml" class="icon toggle" onclick="ToggleExpandCollapse(this); return false;"><i class="fa fa-angle-right"> </i></span>DAOConnexion</a><ul class="toc-menu is-hidden"> </ul></li><li><a id="a9543569-7be7-682c-3609-82936dd58ff8" class="has-submenu" href="a9543569-7be7-682c-3609-82936dd58ff8.htm"><span data-tocFile="../toc/IDDB.xml" class="icon toggle" onclick="ToggleExpandCollapse(this); return false;"><i class="fa fa-angle-right"> </i></span>Descripteur</a><ul class="toc-menu is-hidden"> </ul></li><li><a id="4d7806b4-888b-ffd1-0969-6ad207fd0d2a" class="has-submenu" href="4d7806b4-888b-ffd1-0969-6ad207fd0d2a.htm"><span data-tocFile="../toc/IDEB.xml" class="icon toggle" onclick="ToggleExpandCollapse(this); return false;"><i class="fa fa-angle-right"> </i></span>Document</a><ul class="toc-menu is-hidden"> </ul></li><li><a id="41605c48-4100-31a7-9235-a39002de391d" class="has-submenu" href="41605c48-4100-31a7-9235-a39002de391d.htm"><span data-tocFile="../toc/IDFB.xml" class="icon toggle" onclick="ToggleExpandCollapse(this); return false;"><i class="fa fa-angle-right"> </i></span>DVD</a><ul class="toc-menu is-hidden"> </ul></li><li><a id="27f3b7a6-e04a-2323-0b63-edeff64aab9a" class="has-submenu" href="27f3b7a6-e04a-2323-0b63-edeff64aab9a.htm"><span data-tocFile="../toc/IDGB.xml" class="icon toggle" onclick="ToggleExpandCollapse(this); return false;"><i class="fa fa-angle-right"> </i></span>Exception<wbr />SIO</a><ul class="toc-menu is-hidden"> </ul></li><li><a id="a3202a96-e117-3f2e-7fa0-5fde54bd533f" class="has-submenu" href="a3202a96-e117-3f2e-7fa0-5fde54bd533f.htm"><span data-tocFile="../toc/IDHB.xml" class="icon toggle" onclick="ToggleExpandCollapse(this); return false;"><i class="fa fa-angle-right"> </i></span>Hash</a><ul class="toc-menu is-hidden"> </ul></li><li><a id="e1c50d3e-66eb-c7cf-8f43-2f80aebd5243" class="has-submenu" href="e1c50d3e-66eb-c7cf-8f43-2f80aebd5243.htm"><span data-tocFile="../toc/IDIB.xml" class="icon toggle" onclick="ToggleExpandCollapse(this); return false;"><i class="fa fa-angle-right"> </i></span>Livre</a><ul class="toc-menu is-hidden"> </ul></li><li><a id="4861a624-0ef7-b876-8a11-cbcf7fb0af48" class="has-submenu" href="4861a624-0ef7-b876-8a11-cbcf7fb0af48.htm"><span data-tocFile="../toc/IDJB.xml" class="icon toggle" onclick="ToggleExpandCollapse(this); return false;"><i class="fa fa-angle-right"> </i></span>Parution</a><ul class="toc-menu is-hidden"> </ul></li><li><a id="c6745b61-1129-4e30-0a1e-b6633788b177" class="has-submenu" href="c6745b61-1129-4e30-0a1e-b6633788b177.htm"><span data-tocFile="../toc/IDKB.xml" class="icon toggle" onclick="ToggleExpandCollapse(this); return false;"><i class="fa fa-angle-right"> </i></span>Revue</a><ul class="toc-menu is-hidden"> </ul></li><li><a id="0e0e04dc-f48f-ea33-899f-aaedcf85d3c8" class="has-submenu" href="0e0e04dc-f48f-ea33-899f-aaedcf85d3c8.htm"><span data-tocFile="../toc/IDLB.xml" class="icon toggle" onclick="ToggleExpandCollapse(this); return false;"><i class="fa fa-angle-right"> </i></span>User</a><ul class="toc-menu is-hidden"> </ul></li></tocItems></toc>