﻿<?xml version="1.0" encoding="utf-8"?><toc><breadcrumbs><li><a href="8a9df0d3-e58e-b424-4867-7bd645819a07.htm">Docs</a></li><li><a href="7da61a03-d7ac-6bb0-a7ff-f7d8fdb5ea54.htm">Mediateq_<wbr />AP_<wbr />SIO<wbr />2.<wbr />modele</a></li><li><a href="92c6f3d8-d189-b30b-f34b-2da2f96fad5d.htm">DAOCommande</a></li><li><a href="b331ad6a-8317-7158-27a0-c17ad25012c9.htm">Methods</a></li></breadcrumbs><tocItems><li><a id="f84db559-f4ad-e7e3-61d4-eda5cc056bbd" href="f84db559-f4ad-e7e3-61d4-eda5cc056bbd.htm">ajout<wbr />Commande</a></li><li><a id="c233de76-36d3-71c9-0f3c-4f28562fc0d9" href="c233de76-36d3-71c9-0f3c-4f28562fc0d9.htm">get<wbr />All<wbr />Commande</a></li><li><a id="15a22f54-172d-65bb-6a0c-321656a76c45" href="15a22f54-172d-65bb-6a0c-321656a76c45.htm">get<wbr />All<wbr />Etat<wbr />Commande</a></li><li><a id="c00dcbea-5f73-4921-f247-a932d783adcc" href="c00dcbea-5f73-4921-f247-a932d783adcc.htm">update<wbr />Commande</a></li></tocItems></toc>