﻿<?xml version="1.0" encoding="utf-8"?><toc><breadcrumbs><li><a href="8a9df0d3-e58e-b424-4867-7bd645819a07.htm">Docs</a></li><li><a href="5bd5c5e3-9138-73cc-5bf0-32a77cef8cf9.htm">Mediateq_<wbr />AP_<wbr />SIO<wbr />2.<wbr />metier</a></li><li><a href="7cf07a73-c2d3-55c2-a5b3-36bca5c95d65.htm">Categorie</a></li><li><a href="cc90e856-70e1-d52b-0d1f-5a2dfbc57e67.htm">Properties</a></li></breadcrumbs><tocItems><li><a id="0e620da1-e882-d0bc-d931-77948bed0ec5" href="0e620da1-e882-d0bc-d931-77948bed0ec5.htm">Id</a></li><li><a id="78a0e320-aac3-59c2-d599-12108d10f8fb" href="78a0e320-aac3-59c2-d599-12108d10f8fb.htm">Libelle</a></li></tocItems></toc>