﻿<?xml version="1.0" encoding="utf-8"?><toc><breadcrumbs><li><a href="8a9df0d3-e58e-b424-4867-7bd645819a07.htm">Docs</a></li><li><a href="8a9df0d3-e58e-b424-4867-7bd645819a07.htm">Mediateq_<wbr />AP_<wbr />SIO<wbr />2</a></li><li><a href="d34cce89-3331-0690-46f0-9bd03791cad0.htm">DAOFactory</a></li></breadcrumbs><tocItems><li><a id="e130bf98-e24c-424f-161d-debee8201fe4" href="e130bf98-e24c-424f-161d-debee8201fe4.htm">Constructor</a></li><li><a id="b3f03b6d-5d27-4dc6-3e94-24ac08c23b0a" class="has-submenu" href="b3f03b6d-5d27-4dc6-3e94-24ac08c23b0a.htm"><span data-tocFile="../toc/IDBBA.xml" class="icon toggle" onclick="ToggleExpandCollapse(this); return false;"><i class="fa fa-angle-right"> </i></span>Methods</a><ul class="toc-menu is-hidden"> </ul></li><li><a id="614bfe53-f133-bcd2-0817-441641702775" class="has-submenu" href="614bfe53-f133-bcd2-0817-441641702775.htm"><span data-tocFile="../toc/IDCBA.xml" class="icon toggle" onclick="ToggleExpandCollapse(this); return false;"><i class="fa fa-angle-right"> </i></span>Fields</a><ul class="toc-menu is-hidden"> </ul></li></tocItems></toc>