﻿<?xml version="1.0" encoding="utf-8"?><toc><breadcrumbs><li><a href="8a9df0d3-e58e-b424-4867-7bd645819a07.htm">Docs</a></li><li><a href="8a9df0d3-e58e-b424-4867-7bd645819a07.htm">Mediateq_<wbr />AP_<wbr />SIO<wbr />2</a></li><li><a href="5be0c52c-5898-ff43-40b2-fd7f08895b00.htm">DAODocuments</a></li><li><a href="bd0d1c3e-2c3c-e90d-406c-ad384b136d2b.htm">Methods</a></li></breadcrumbs><tocItems><li><a id="9c251861-c342-d1bb-6123-698505653ad3" href="9c251861-c342-d1bb-6123-698505653ad3.htm">ajout<wbr />Revue</a></li><li><a id="70fa33da-936d-2369-340e-534f04925830" href="70fa33da-936d-2369-340e-534f04925830.htm">get<wbr />All<wbr />Categories</a></li><li><a id="0f1acd04-ac6d-74cc-b010-48e45fd12568" href="0f1acd04-ac6d-74cc-b010-48e45fd12568.htm">get<wbr />All<wbr />Descripteurs</a></li><li><a id="fe5095ee-c344-571e-af4c-35c5ef047a52" href="fe5095ee-c344-571e-af4c-35c5ef047a52.htm">get<wbr />All<wbr />DVD</a></li><li><a id="697c7678-0bd4-76c4-657b-b866ff5a8052" href="697c7678-0bd4-76c4-657b-b866ff5a8052.htm">get<wbr />All<wbr />Livres</a></li><li><a id="3daa8a66-8755-6ae9-a6a3-d4df665aae3f" href="3daa8a66-8755-6ae9-a6a3-d4df665aae3f.htm">get<wbr />Categorie<wbr />By<wbr />Livre</a></li><li><a id="31b3db66-5689-b30a-0a01-2a661b33b113" href="31b3db66-5689-b30a-0a01-2a661b33b113.htm">get<wbr />Revue<wbr />By<wbr />Id</a></li><li><a id="2dfaa9f3-9541-f485-fc48-e85d2cfed735" href="2dfaa9f3-9541-f485-fc48-e85d2cfed735.htm">renouvellement</a></li></tocItems></toc>