﻿<?xml version="1.0" encoding="utf-8"?><toc><breadcrumbs><li><a href="8a9df0d3-e58e-b424-4867-7bd645819a07.htm">Docs</a></li><li><a href="5bd5c5e3-9138-73cc-5bf0-32a77cef8cf9.htm">Mediateq_<wbr />AP_<wbr />SIO<wbr />2.<wbr />metier</a></li><li><a href="19bfbd2a-c481-a23b-a586-a11789b58b62.htm">Commande</a></li><li><a href="928d90a4-abc4-f1d8-f53e-7857de6ac201.htm">Properties</a></li></breadcrumbs><tocItems><li><a id="486e09f9-0ce3-0270-9e39-b5a4f2e03de5" href="486e09f9-0ce3-0270-9e39-b5a4f2e03de5.htm">Date<wbr />Commande</a></li><li><a id="59cf0cef-7e1c-8037-d7de-a4eea83bd6f3" href="59cf0cef-7e1c-8037-d7de-a4eea83bd6f3.htm">Etat</a></li><li><a id="dec9ff1e-cd75-4d2c-91e4-457b0d0cbc88" href="dec9ff1e-cd75-4d2c-91e4-457b0d0cbc88.htm">Id<wbr />Document</a></li><li><a id="e07f914b-f1b4-fb50-4810-29addc893f48" href="e07f914b-f1b4-fb50-4810-29addc893f48.htm">Nbr<wbr />Exemplaire</a></li><li><a id="9572025b-d93c-e41f-4f71-4ca728f6d9b1" href="9572025b-d93c-e41f-4f71-4ca728f6d9b1.htm">Nom<wbr />Document</a></li></tocItems></toc>