﻿<?xml version="1.0" encoding="utf-8"?><toc><breadcrumbs><li><a href="8a9df0d3-e58e-b424-4867-7bd645819a07.htm">Docs</a></li><li><a href="8a9df0d3-e58e-b424-4867-7bd645819a07.htm">Mediateq_<wbr />AP_<wbr />SIO<wbr />2</a></li><li><a href="d34cce89-3331-0690-46f0-9bd03791cad0.htm">DAOFactory</a></li><li><a href="b3f03b6d-5d27-4dc6-3e94-24ac08c23b0a.htm">Methods</a></li></breadcrumbs><tocItems><li><a id="09a635f2-f782-d9ba-fb90-b83dc138fc24" href="09a635f2-f782-d9ba-fb90-b83dc138fc24.htm">connecter</a></li><li><a id="4bf2bff1-7397-6129-c41d-eb21af909b44" href="4bf2bff1-7397-6129-c41d-eb21af909b44.htm">creer<wbr />Connection</a></li><li><a id="5f79bf31-5837-34c5-2787-230e5316afec" href="5f79bf31-5837-34c5-2787-230e5316afec.htm">deconnecter</a></li><li><a id="4e813cfb-8263-c386-26b4-256671b99d39" href="4e813cfb-8263-c386-26b4-256671b99d39.htm">exec<wbr />SQLRead</a></li><li><a id="1c2cf9d4-bb9e-2d8d-aae8-930ec87fa211" href="1c2cf9d4-bb9e-2d8d-aae8-930ec87fa211.htm">exec<wbr />SQLWrite</a></li></tocItems></toc>