﻿<?xml version="1.0" encoding="utf-8"?><toc><breadcrumbs><li><a href="8a9df0d3-e58e-b424-4867-7bd645819a07.htm">Docs</a></li><li><a href="5bd5c5e3-9138-73cc-5bf0-32a77cef8cf9.htm">Mediateq_<wbr />AP_<wbr />SIO<wbr />2.<wbr />metier</a></li><li><a href="19bfbd2a-c481-a23b-a586-a11789b58b62.htm">Commande</a></li></breadcrumbs><tocItems><li><a id="60f66e43-a02e-19cd-a304-b8ba09482e9f" href="60f66e43-a02e-19cd-a304-b8ba09482e9f.htm">Constructor</a></li><li><a id="928d90a4-abc4-f1d8-f53e-7857de6ac201" class="has-submenu" href="928d90a4-abc4-f1d8-f53e-7857de6ac201.htm"><span data-tocFile="../toc/IDBBB.xml" class="icon toggle" onclick="ToggleExpandCollapse(this); return false;"><i class="fa fa-angle-right"> </i></span>Properties</a><ul class="toc-menu is-hidden"> </ul></li><li><a id="75c8a389-94a7-f2f8-a6c8-c0ee0dde7a73" href="75c8a389-94a7-f2f8-a6c8-c0ee0dde7a73.htm">Methods</a></li><li><a id="1ff59b84-ec94-c95f-5bf5-255d5af9bfaa" class="has-submenu" href="1ff59b84-ec94-c95f-5bf5-255d5af9bfaa.htm"><span data-tocFile="../toc/IDDBB.xml" class="icon toggle" onclick="ToggleExpandCollapse(this); return false;"><i class="fa fa-angle-right"> </i></span>Fields</a><ul class="toc-menu is-hidden"> </ul></li></tocItems></toc>