﻿<?xml version="1.0" encoding="utf-8"?><toc><breadcrumbs><li><a href="8a9df0d3-e58e-b424-4867-7bd645819a07.htm">Docs</a></li><li><a href="5bd5c5e3-9138-73cc-5bf0-32a77cef8cf9.htm">Mediateq_<wbr />AP_<wbr />SIO<wbr />2.<wbr />metier</a></li><li><a href="b322eab7-6aef-36c8-df82-c60c253fca3a.htm">DAOConnexion</a></li><li><a href="28bcc4d3-9cb2-fea8-d8fd-d203d2a6c5e2.htm">Methods</a></li></breadcrumbs><tocItems><li><a id="9e881fdf-f055-5fb4-81e6-252be9ec1a99" href="9e881fdf-f055-5fb4-81e6-252be9ec1a99.htm">Inscrire<wbr />User</a></li><li><a id="a5b79245-18e7-058f-4c45-bfea8b1326bf" href="a5b79245-18e7-058f-4c45-bfea8b1326bf.htm">verif<wbr />User</a></li></tocItems></toc>