﻿<?xml version="1.0" encoding="utf-8"?><toc><breadcrumbs><li><a href="8a9df0d3-e58e-b424-4867-7bd645819a07.htm">Docs</a></li><li><a href="8a9df0d3-e58e-b424-4867-7bd645819a07.htm">Mediateq_<wbr />AP_<wbr />SIO<wbr />2</a></li><li><a href="92c44fde-f4c3-0e08-6b0e-d44a2919dbe4.htm">DAOPresse</a></li><li><a href="a9703495-43e7-b3b2-e509-9f751425c8a3.htm">Methods</a></li></breadcrumbs><tocItems><li><a id="593e0daf-aee9-ba42-82d2-402132dbed2e" href="593e0daf-aee9-ba42-82d2-402132dbed2e.htm">get<wbr />All<wbr />Revues</a></li><li><a id="8c4056e6-6e2a-0bfd-8d06-63dc6ebc7995" href="8c4056e6-6e2a-0bfd-8d06-63dc6ebc7995.htm">get<wbr />Parution<wbr />By<wbr />Titre</a></li></tocItems></toc>