﻿<?xml version="1.0" encoding="utf-8"?><toc><breadcrumbs><li><a href="8a9df0d3-e58e-b424-4867-7bd645819a07.htm">Docs</a></li><li><a href="5bd5c5e3-9138-73cc-5bf0-32a77cef8cf9.htm">Mediateq_<wbr />AP_<wbr />SIO<wbr />2.<wbr />metier</a></li><li><a href="a9543569-7be7-682c-3609-82936dd58ff8.htm">Descripteur</a></li><li><a href="3ea9eafc-b4c4-c522-04dd-21b97d4805ab.htm">Properties</a></li></breadcrumbs><tocItems><li><a id="47ba53e1-eff4-cdd5-68dc-4e9623e2b667" href="47ba53e1-eff4-cdd5-68dc-4e9623e2b667.htm">Id</a></li><li><a id="f10eea8b-9099-975b-ed58-a4d9f761466d" href="f10eea8b-9099-975b-ed58-a4d9f761466d.htm">Libelle</a></li></tocItems></toc>