﻿<?xml version="1.0" encoding="utf-8"?><toc><breadcrumbs><li><a href="8a9df0d3-e58e-b424-4867-7bd645819a07.htm">Docs</a></li><li><a href="5bd5c5e3-9138-73cc-5bf0-32a77cef8cf9.htm">Mediateq_<wbr />AP_<wbr />SIO<wbr />2.<wbr />metier</a></li><li><a href="4d7806b4-888b-ffd1-0969-6ad207fd0d2a.htm">Document</a></li><li><a href="dc66a4e6-d929-0857-6da0-477284f95c09.htm">Properties</a></li></breadcrumbs><tocItems><li><a id="32ee6b90-6e7f-f45e-57de-9e1f13063794" href="32ee6b90-6e7f-f45e-57de-9e1f13063794.htm">Id<wbr />Doc</a></li><li><a id="f75441cb-b869-cdc5-107a-7ba3fa6d06eb" href="f75441cb-b869-cdc5-107a-7ba3fa6d06eb.htm">Image</a></li><li><a id="88db7e77-7dfc-871e-45e9-fad391d9b88c" href="88db7e77-7dfc-871e-45e9-fad391d9b88c.htm">La<wbr />Categorie</a></li><li><a id="853fa454-7e96-b077-9c5f-6389a8fc9718" href="853fa454-7e96-b077-9c5f-6389a8fc9718.htm">Titre</a></li></tocItems></toc>