﻿<?xml version="1.0" encoding="utf-8"?><toc><breadcrumbs><li><a href="8a9df0d3-e58e-b424-4867-7bd645819a07.htm">Docs</a></li><li><a href="5bd5c5e3-9138-73cc-5bf0-32a77cef8cf9.htm">Mediateq_<wbr />AP_<wbr />SIO<wbr />2.<wbr />metier</a></li><li><a href="41605c48-4100-31a7-9235-a39002de391d.htm">DVD</a></li><li><a href="60a2e591-29cb-234e-f6f7-baa408f8045f.htm">Properties</a></li></breadcrumbs><tocItems><li><a id="390d2cbc-976c-196a-05ca-c60ccd51f3a5" href="390d2cbc-976c-196a-05ca-c60ccd51f3a5.htm">Duree</a></li><li><a id="09fc4ce2-3d20-7d3e-7237-be3b2b96f269" href="09fc4ce2-3d20-7d3e-7237-be3b2b96f269.htm">Realisateur</a></li><li><a id="1a275767-f0b4-2272-969b-75ad35eea158" href="1a275767-f0b4-2272-969b-75ad35eea158.htm">Synopsis</a></li></tocItems></toc>