﻿<?xml version="1.0" encoding="utf-8"?><toc><breadcrumbs><li><a href="8a9df0d3-e58e-b424-4867-7bd645819a07.htm">Docs</a></li><li><a href="5bd5c5e3-9138-73cc-5bf0-32a77cef8cf9.htm">Mediateq_<wbr />AP_<wbr />SIO<wbr />2.<wbr />metier</a></li><li><a href="27f3b7a6-e04a-2323-0b63-edeff64aab9a.htm">Exception<wbr />SIO</a></li><li><a href="ea7da604-1462-b59d-2e7c-33be27e4e4e6.htm">Properties</a></li></breadcrumbs><tocItems><li><a id="69f613ae-35e0-63da-b3e0-2a4f07e33fdc" href="69f613ae-35e0-63da-b3e0-2a4f07e33fdc.htm">Libelle<wbr />Exc</a></li><li><a id="a4d30bb0-0608-eb5c-8fb2-14cd85930121" href="a4d30bb0-0608-eb5c-8fb2-14cd85930121.htm">Niveau<wbr />Exc</a></li></tocItems></toc>