﻿<?xml version="1.0" encoding="utf-8"?><toc><breadcrumbs><li><a href="8a9df0d3-e58e-b424-4867-7bd645819a07.htm">Docs</a></li><li><a href="5bd5c5e3-9138-73cc-5bf0-32a77cef8cf9.htm">Mediateq_<wbr />AP_<wbr />SIO<wbr />2.<wbr />metier</a></li><li><a href="a3202a96-e117-3f2e-7fa0-5fde54bd533f.htm">Hash</a></li><li><a href="02a3f590-4040-1bfd-2cb8-31e6c784c619.htm">Methods</a></li></breadcrumbs><tocItems><li><a id="03812eac-7b4a-b157-b595-fc55b7715349" href="03812eac-7b4a-b157-b595-fc55b7715349.htm">Generate<wbr />Salt</a></li><li><a id="a25929b1-8b17-b3d0-73e0-fdf0ea0abc22" href="a25929b1-8b17-b3d0-73e0-fdf0ea0abc22.htm">Hash<wbr />Password</a></li></tocItems></toc>