﻿<?xml version="1.0" encoding="utf-8"?><toc><breadcrumbs><li><a href="8a9df0d3-e58e-b424-4867-7bd645819a07.htm">Docs</a></li><li><a href="5bd5c5e3-9138-73cc-5bf0-32a77cef8cf9.htm">Mediateq_<wbr />AP_<wbr />SIO<wbr />2.<wbr />metier</a></li><li><a href="e1c50d3e-66eb-c7cf-8f43-2f80aebd5243.htm">Livre</a></li><li><a href="89661324-43df-6769-de3d-a15fba071283.htm">Properties</a></li></breadcrumbs><tocItems><li><a id="bd171d91-dda3-2fec-6785-d6a589be015a" href="bd171d91-dda3-2fec-6785-d6a589be015a.htm">Auteur</a></li><li><a id="c9282f82-67aa-7536-35c0-4a8f2199e80a" href="c9282f82-67aa-7536-35c0-4a8f2199e80a.htm">ISBN<wbr />1</a></li><li><a id="e80f94f0-b7db-b0df-e6c5-d4ba526a5aff" href="e80f94f0-b7db-b0df-e6c5-d4ba526a5aff.htm">La<wbr />Collection</a></li></tocItems></toc>