﻿<?xml version="1.0" encoding="utf-8"?><toc><breadcrumbs><li><a href="8a9df0d3-e58e-b424-4867-7bd645819a07.htm">Docs</a></li><li><a href="5bd5c5e3-9138-73cc-5bf0-32a77cef8cf9.htm">Mediateq_<wbr />AP_<wbr />SIO<wbr />2.<wbr />metier</a></li><li><a href="4861a624-0ef7-b876-8a11-cbcf7fb0af48.htm">Parution</a></li><li><a href="ec00abe7-5dc0-97ad-dcb3-82e24f765e5e.htm">Properties</a></li></breadcrumbs><tocItems><li><a id="0b958132-3424-1f2c-045a-d7875a9f9edf" href="0b958132-3424-1f2c-045a-d7875a9f9edf.htm">Date<wbr />Parution</a></li><li><a id="2f2b4a0b-e4b4-1f23-cecc-c810003fa27b" href="2f2b4a0b-e4b4-1f23-cecc-c810003fa27b.htm">Id<wbr />Revue</a></li><li><a id="e2ff09d1-4866-8395-aefe-2dae834a93bd" href="e2ff09d1-4866-8395-aefe-2dae834a93bd.htm">Numero</a></li><li><a id="a6446b52-0159-89de-259c-ef706b2e5243" href="a6446b52-0159-89de-259c-ef706b2e5243.htm">Photo</a></li></tocItems></toc>