﻿<?xml version="1.0" encoding="utf-8"?><toc><breadcrumbs><li><a href="8a9df0d3-e58e-b424-4867-7bd645819a07.htm">Docs</a></li><li><a href="5bd5c5e3-9138-73cc-5bf0-32a77cef8cf9.htm">Mediateq_<wbr />AP_<wbr />SIO<wbr />2.<wbr />metier</a></li><li><a href="c6745b61-1129-4e30-0a1e-b6633788b177.htm">Revue</a></li><li><a href="940b2de8-6532-5147-a203-db38170fd514.htm">Properties</a></li></breadcrumbs><tocItems><li><a id="20ad72c1-0dc2-532a-3bc6-12233d693382" href="20ad72c1-0dc2-532a-3bc6-12233d693382.htm">Date<wbr />Fin<wbr />Abonnement</a></li><li><a id="24e5ef31-1987-5fdd-65ea-670895a9f8c7" href="24e5ef31-1987-5fdd-65ea-670895a9f8c7.htm">Delai<wbr />Mise<wbr />ADispo</a></li><li><a id="d0dc3f64-5db0-187d-ac5d-d2b5f9043564" href="d0dc3f64-5db0-187d-ac5d-d2b5f9043564.htm">Empruntable</a></li><li><a id="fb7e4303-3711-8455-584b-5f10d034853d" href="fb7e4303-3711-8455-584b-5f10d034853d.htm">Id</a></li><li><a id="f6029035-879b-7389-a150-ecb9c9485b79" href="f6029035-879b-7389-a150-ecb9c9485b79.htm">Id<wbr />Descripteur</a></li><li><a id="0392fcf8-d070-cb4e-8fb8-dc69bf2458bc" href="0392fcf8-d070-cb4e-8fb8-dc69bf2458bc.htm">Periodicite</a></li><li><a id="cc603332-8cc6-ee3e-61f7-5ad82d5e9db2" href="cc603332-8cc6-ee3e-61f7-5ad82d5e9db2.htm">Titre</a></li></tocItems></toc>