﻿<?xml version="1.0" encoding="utf-8"?><toc><breadcrumbs><li><a href="8a9df0d3-e58e-b424-4867-7bd645819a07.htm">Docs</a></li><li><a href="5bd5c5e3-9138-73cc-5bf0-32a77cef8cf9.htm">Mediateq_<wbr />AP_<wbr />SIO<wbr />2.<wbr />metier</a></li><li><a href="0e0e04dc-f48f-ea33-899f-aaedcf85d3c8.htm">User</a></li><li><a href="e2580904-fd38-0cf1-99bc-351ddb48e9ff.htm">Methods</a></li></breadcrumbs><tocItems><li><a id="251f2978-3a66-08c2-15bd-d0fbb52a996e" href="251f2978-3a66-08c2-15bd-d0fbb52a996e.htm">get<wbr />Id</a></li><li><a id="9035ac7b-56a2-e240-d73e-76c8e7f549ab" href="9035ac7b-56a2-e240-d73e-76c8e7f549ab.htm">get<wbr />Id_<wbr />Service</a></li><li><a id="06a39aa9-e8e1-8c8c-a721-d6a8487adfe0" href="06a39aa9-e8e1-8c8c-a721-d6a8487adfe0.htm">get<wbr />Login</a></li><li><a id="c5f71a25-f8aa-e634-b213-83347562a4bb" href="c5f71a25-f8aa-e634-b213-83347562a4bb.htm">get<wbr />Nom</a></li><li><a id="06154c77-85d4-952f-ce88-a10a4ad9858e" href="06154c77-85d4-952f-ce88-a10a4ad9858e.htm">get<wbr />Password</a></li><li><a id="da5ad0dc-76bb-59b6-5aca-62b5f9d5ca0c" href="da5ad0dc-76bb-59b6-5aca-62b5f9d5ca0c.htm">get<wbr />Prenom</a></li></tocItems></toc>