﻿<?xml version="1.0" encoding="utf-8"?><toc><breadcrumbs><li><a href="8a9df0d3-e58e-b424-4867-7bd645819a07.htm">Docs</a></li><li><a href="7da61a03-d7ac-6bb0-a7ff-f7d8fdb5ea54.htm">Mediateq_<wbr />AP_<wbr />SIO<wbr />2.<wbr />modele</a></li></breadcrumbs><tocItems><li><a id="92c6f3d8-d189-b30b-f34b-2da2f96fad5d" class="has-submenu" href="92c6f3d8-d189-b30b-f34b-2da2f96fad5d.htm"><span data-tocFile="../toc/IDAC.xml" class="icon toggle" onclick="ToggleExpandCollapse(this); return false;"><i class="fa fa-angle-right"> </i></span>DAOCommande</a><ul class="toc-menu is-hidden"> </ul></li></tocItems></toc>