﻿<?xml version="1.0" encoding="utf-8"?><toc><breadcrumbs><li><a href="8a9df0d3-e58e-b424-4867-7bd645819a07.htm">Docs</a></li><li><a href="8a9df0d3-e58e-b424-4867-7bd645819a07.htm">Mediateq_<wbr />AP_<wbr />SIO<wbr />2</a></li><li><a href="92c44fde-f4c3-0e08-6b0e-d44a2919dbe4.htm">DAOPresse</a></li></breadcrumbs><tocItems><li><a id="b5880747-2025-2ed2-853b-0518a780c078" href="b5880747-2025-2ed2-853b-0518a780c078.htm">Constructor</a></li><li><a id="a9703495-43e7-b3b2-e509-9f751425c8a3" class="has-submenu" href="a9703495-43e7-b3b2-e509-9f751425c8a3.htm"><span data-tocFile="../toc/IDBCA.xml" class="icon toggle" onclick="ToggleExpandCollapse(this); return false;"><i class="fa fa-angle-right"> </i></span>Methods</a><ul class="toc-menu is-hidden"> </ul></li></tocItems></toc>