﻿<?xml version="1.0" encoding="utf-8"?><toc><breadcrumbs><li><a href="8a9df0d3-e58e-b424-4867-7bd645819a07.htm">Docs</a></li><li><a href="8a9df0d3-e58e-b424-4867-7bd645819a07.htm">Mediateq_<wbr />AP_<wbr />SIO<wbr />2</a></li><li><a href="d34cce89-3331-0690-46f0-9bd03791cad0.htm">DAOFactory</a></li><li><a href="614bfe53-f133-bcd2-0817-441641702775.htm">Fields</a></li></breadcrumbs><tocItems><li><a id="8985d053-be58-93c0-8e71-a7346247b856" href="8985d053-be58-93c0-8e71-a7346247b856.htm">connexion</a></li></tocItems></toc>