﻿<?xml version="1.0" encoding="utf-8"?><toc><breadcrumbs><li><a href="8a9df0d3-e58e-b424-4867-7bd645819a07.htm">Docs</a></li><li><a href="5bd5c5e3-9138-73cc-5bf0-32a77cef8cf9.htm">Mediateq_<wbr />AP_<wbr />SIO<wbr />2.<wbr />metier</a></li><li><a href="b322eab7-6aef-36c8-df82-c60c253fca3a.htm">DAOConnexion</a></li></breadcrumbs><tocItems><li><a id="cb132e80-c76e-5f94-c615-519c3243f4c9" href="cb132e80-c76e-5f94-c615-519c3243f4c9.htm">Constructor</a></li><li><a id="28bcc4d3-9cb2-fea8-d8fd-d203d2a6c5e2" class="has-submenu" href="28bcc4d3-9cb2-fea8-d8fd-d203d2a6c5e2.htm"><span data-tocFile="../toc/IDBCB.xml" class="icon toggle" onclick="ToggleExpandCollapse(this); return false;"><i class="fa fa-angle-right"> </i></span>Methods</a><ul class="toc-menu is-hidden"> </ul></li></tocItems></toc>