﻿<?xml version="1.0" encoding="utf-8"?><toc><breadcrumbs><li><a href="8a9df0d3-e58e-b424-4867-7bd645819a07.htm">Docs</a></li><li><a href="8a9df0d3-e58e-b424-4867-7bd645819a07.htm">Mediateq_<wbr />AP_<wbr />SIO<wbr />2</a></li><li><a href="e39ecf92-0802-0bdc-f489-112508fde1a6.htm">Frm<wbr />Mediateq</a></li><li><a href="24f61ed2-b7fb-6012-c95f-376f31493755.htm">Methods</a></li></breadcrumbs><tocItems><li><a id="8c9ad723-a064-b4ba-73c4-a6d67c5047d7" href="8c9ad723-a064-b4ba-73c4-a6d67c5047d7.htm">btn<wbr />Commande_<wbr />Click</a></li><li><a id="a1923c9b-ea80-c5ba-54f8-813c3455cfd8" href="a1923c9b-ea80-c5ba-54f8-813c3455cfd8.htm">btn<wbr />Rechercher_<wbr />Click</a></li><li><a id="790624c0-52f2-7857-11a3-1c9c36c89f42" href="790624c0-52f2-7857-11a3-1c9c36c89f42.htm">btn<wbr />Rechercher<wbr />DVD_<wbr />Click</a></li><li><a id="b7912cff-f47b-8e9d-5af1-8fba1356e0cf" href="b7912cff-f47b-8e9d-5af1-8fba1356e0cf.htm">Btn<wbr />Validation<wbr />Modif<wbr />Commande_<wbr />Click</a></li><li><a id="3cbd888c-efb1-8670-042c-d50b3c959789" href="3cbd888c-efb1-8670-042c-d50b3c959789.htm">button<wbr />1_<wbr />Click</a></li><li><a id="4e8e1ad1-7cbc-bc8b-0be1-6216aae4b15b" href="4e8e1ad1-7cbc-bc8b-0be1-6216aae4b15b.htm">button<wbr />Ajout<wbr />Mois_<wbr />Click</a></li><li><a id="7c5b88f6-7d80-52b6-9eb5-0bd33df9d507" href="7c5b88f6-7d80-52b6-9eb5-0bd33df9d507.htm">button<wbr />Ajout<wbr />Revue_<wbr />Click</a></li><li><a id="2d3bfeb2-63d7-e271-f569-a8b7466ff8d4" href="2d3bfeb2-63d7-e271-f569-a8b7466ff8d4.htm">button<wbr />Connexion_<wbr />Click</a></li><li><a id="15492d1b-dde7-4fd3-9233-9c565b60bd10" href="15492d1b-dde7-4fd3-9233-9c565b60bd10.htm">button<wbr />Deconnexion_<wbr />Click</a></li><li><a id="14eb393e-f07d-51aa-6f75-3706898065ba" href="14eb393e-f07d-51aa-6f75-3706898065ba.htm">button<wbr />Inscription_<wbr />Click</a></li><li><a id="03d1c15a-d25b-4f1a-2ce7-17e6daaeb4e4" href="03d1c15a-d25b-4f1a-2ce7-17e6daaeb4e4.htm">cbx<wbr />Domaines_<wbr />Selected<wbr />Index<wbr />Changed</a></li><li><a id="55881732-162a-2322-68ef-9e9057d2ce9f" href="55881732-162a-2322-68ef-9e9057d2ce9f.htm">cbx<wbr />Titres_<wbr />Selected<wbr />Index<wbr />Changed</a></li><li><a id="cc9c97fd-ecf0-db84-34f4-3446a285e9d7" href="cc9c97fd-ecf0-db84-34f4-3446a285e9d7.htm">data<wbr />Grid<wbr />View<wbr />1_<wbr />Cell<wbr />Content<wbr />Click</a></li><li><a id="c1be8cf7-dfff-6e6f-133f-90d832638661" href="c1be8cf7-dfff-6e6f-133f-90d832638661.htm">DGVRevues_<wbr />Cell<wbr />Content<wbr />Click</a></li><li><a id="2deec902-49b9-6a03-708b-95aab01e40a7" class="has-submenu" href="2deec902-49b9-6a03-708b-95aab01e40a7.htm"><span data-tocFile="../toc/IDOCDA.xml" class="icon toggle" onclick="ToggleExpandCollapse(this); return false;"><i class="fa fa-angle-right"> </i></span>Dispose</a><ul class="toc-menu is-hidden"> </ul></li><li><a id="70946a6d-dacf-6f04-8216-bbafb1cddc58" href="70946a6d-dacf-6f04-8216-bbafb1cddc58.htm">Frm<wbr />Mediateq_<wbr />Load</a></li><li><a id="58df9ffb-9a59-28aa-154c-80ded35a30b1" href="58df9ffb-9a59-28aa-154c-80ded35a30b1.htm">Initialize<wbr />Component</a></li><li><a id="5fef80b2-2fb9-f1c1-5098-764dec0908d0" href="5fef80b2-2fb9-f1c1-5098-764dec0908d0.htm">lbl<wbr />Titre<wbr />DVD_<wbr />Click</a></li><li><a id="c6c8b67e-51ec-f72e-ef14-b2b2ccae79b8" href="c6c8b67e-51ec-f72e-ef14-b2b2ccae79b8.htm">tab<wbr />Abo<wbr />Revues_<wbr />Enter</a></li><li><a id="9e91e1c8-7e14-6bf7-2682-3058dffccb12" href="9e91e1c8-7e14-6bf7-2682-3058dffccb12.htm">tab<wbr />Commande_<wbr />Click</a></li><li><a id="04b01959-6717-85fc-759a-cdc7711c1c32" href="04b01959-6717-85fc-759a-cdc7711c1c32.htm">tab<wbr />DVD_<wbr />Enter</a></li><li><a id="01f2efe7-15f2-a383-93a8-9f678491c2f5" href="01f2efe7-15f2-a383-93a8-9f678491c2f5.htm">tab<wbr />Livres_<wbr />Enter</a></li><li><a id="9aea7da9-dfcc-3080-e90f-6d921657c0c4" href="9aea7da9-dfcc-3080-e90f-6d921657c0c4.htm">tab<wbr />Page<wbr />1_<wbr />Click</a></li><li><a id="5e4446e3-4b35-bb58-5e18-b870f64aad17" href="5e4446e3-4b35-bb58-5e18-b870f64aad17.htm">tab<wbr />Parutions_<wbr />Enter</a></li><li><a id="e550efe5-9317-0880-b531-bf5bd2ae9129" href="e550efe5-9317-0880-b531-bf5bd2ae9129.htm">tab<wbr />Suivi<wbr />Commande_<wbr />Click</a></li><li><a id="6f05b7df-7b24-7f14-b36f-890c774ae398" href="6f05b7df-7b24-7f14-b36f-890c774ae398.htm">tab<wbr />Titres_<wbr />Enter</a></li><li><a id="03ed7a35-2169-e5f1-0da1-83e8c137223c" href="03ed7a35-2169-e5f1-0da1-83e8c137223c.htm">text<wbr />Box<wbr />Mail_<wbr />Text<wbr />Changed</a></li><li><a id="a685f368-72e0-483d-b570-35b62ea14dde" href="a685f368-72e0-483d-b570-35b62ea14dde.htm">text<wbr />Box<wbr />Password_<wbr />Text<wbr />Changed</a></li><li><a id="672e08e8-52a8-6729-cf25-3867af784917" href="672e08e8-52a8-6729-cf25-3867af784917.htm">txb<wbr />Titre_<wbr />Text<wbr />Changed</a></li><li><a id="ed40f19f-d7f5-9ce9-9c7b-babf6f7eba0e" href="ed40f19f-d7f5-9ce9-9c7b-babf6f7eba0e.htm">txb<wbr />Titre<wbr />DVD_<wbr />Text<wbr />Changed</a></li></tocItems></toc>