﻿<?xml version="1.0" encoding="utf-8"?><toc><breadcrumbs><li><a href="8a9df0d3-e58e-b424-4867-7bd645819a07.htm">Docs</a></li><li><a href="5bd5c5e3-9138-73cc-5bf0-32a77cef8cf9.htm">Mediateq_<wbr />AP_<wbr />SIO<wbr />2.<wbr />metier</a></li><li><a href="0e0e04dc-f48f-ea33-899f-aaedcf85d3c8.htm">User</a></li><li><a href="f6600b90-5a7d-e61e-41e0-242f85a2f425.htm">Fields</a></li></breadcrumbs><tocItems><li><a id="b09df8ee-8bf8-04a8-a416-c2fb36c9fa48" href="b09df8ee-8bf8-04a8-a416-c2fb36c9fa48.htm">id</a></li><li><a id="282402b2-1389-cce0-7e15-0c20aa28ead4" href="282402b2-1389-cce0-7e15-0c20aa28ead4.htm">id_<wbr />service</a></li><li><a id="52f18ab7-23d5-b7c3-a391-89fb65de6de2" href="52f18ab7-23d5-b7c3-a391-89fb65de6de2.htm">login</a></li><li><a id="bc677c6f-0558-1869-15ca-fd074e1a0784" href="bc677c6f-0558-1869-15ca-fd074e1a0784.htm">nom</a></li><li><a id="f5e093ed-e6ed-c6e3-d8a1-c203cb51a0b6" href="f5e093ed-e6ed-c6e3-d8a1-c203cb51a0b6.htm">password</a></li><li><a id="ac9130c7-1fc2-5f76-d734-63f31258857d" href="ac9130c7-1fc2-5f76-d734-63f31258857d.htm">prenom</a></li></tocItems></toc>