﻿<?xml version="1.0" encoding="utf-8"?><toc><breadcrumbs><li><a href="8a9df0d3-e58e-b424-4867-7bd645819a07.htm">Docs</a></li><li><a href="5bd5c5e3-9138-73cc-5bf0-32a77cef8cf9.htm">Mediateq_<wbr />AP_<wbr />SIO<wbr />2.<wbr />metier</a></li><li><a href="7cf07a73-c2d3-55c2-a5b3-36bca5c95d65.htm">Categorie</a></li><li><a href="5e55730e-3b77-09b1-e5c6-efdcdfbf97ff.htm">Fields</a></li></breadcrumbs><tocItems><li><a id="99813271-0d6f-5add-831a-a3ecde73368e" href="99813271-0d6f-5add-831a-a3ecde73368e.htm">id</a></li><li><a id="9fe34a8b-f792-0a5d-ca23-c1857345cef6" href="9fe34a8b-f792-0a5d-ca23-c1857345cef6.htm">libelle</a></li></tocItems></toc>