﻿<?xml version="1.0" encoding="utf-8"?><toc><breadcrumbs><li><a href="8a9df0d3-e58e-b424-4867-7bd645819a07.htm">Docs</a></li><li><a href="8a9df0d3-e58e-b424-4867-7bd645819a07.htm">Mediateq_<wbr />AP_<wbr />SIO<wbr />2</a></li><li><a href="e39ecf92-0802-0bdc-f489-112508fde1a6.htm">Frm<wbr />Mediateq</a></li></breadcrumbs><tocItems><li><a id="abe0cec0-66dc-19da-81f2-4f29b99ef900" href="abe0cec0-66dc-19da-81f2-4f29b99ef900.htm">Constructor</a></li><li><a id="8c005c3b-9a85-3b58-9ead-77f974bb02a5" href="8c005c3b-9a85-3b58-9ead-77f974bb02a5.htm">Properties</a></li><li><a id="24f61ed2-b7fb-6012-c95f-376f31493755" class="has-submenu" href="24f61ed2-b7fb-6012-c95f-376f31493755.htm"><span data-tocFile="../toc/IDCDA.xml" class="icon toggle" onclick="ToggleExpandCollapse(this); return false;"><i class="fa fa-angle-right"> </i></span>Methods</a><ul class="toc-menu is-hidden"> </ul></li><li><a id="fea0d5ca-49d4-cb72-ba5f-746c8118afc3" href="fea0d5ca-49d4-cb72-ba5f-746c8118afc3.htm">Events</a></li><li><a id="4bba7521-a713-1e37-6ef9-f7fa74a833e6" class="has-submenu" href="4bba7521-a713-1e37-6ef9-f7fa74a833e6.htm"><span data-tocFile="../toc/IDEDA.xml" class="icon toggle" onclick="ToggleExpandCollapse(this); return false;"><i class="fa fa-angle-right"> </i></span>Fields</a><ul class="toc-menu is-hidden"> </ul></li></tocItems></toc>