﻿<?xml version="1.0" encoding="utf-8"?><toc><breadcrumbs><li><a href="8a9df0d3-e58e-b424-4867-7bd645819a07.htm">Docs</a></li><li><a href="5bd5c5e3-9138-73cc-5bf0-32a77cef8cf9.htm">Mediateq_<wbr />AP_<wbr />SIO<wbr />2.<wbr />metier</a></li><li><a href="19bfbd2a-c481-a23b-a586-a11789b58b62.htm">Commande</a></li><li><a href="1ff59b84-ec94-c95f-5bf5-255d5af9bfaa.htm">Fields</a></li></breadcrumbs><tocItems><li><a id="2a4405fe-c11b-fe6a-baaf-2f73ad1d4023" href="2a4405fe-c11b-fe6a-baaf-2f73ad1d4023.htm">date<wbr />Commande</a></li><li><a id="7f142769-adbb-6e71-ef16-14007df5dc34" href="7f142769-adbb-6e71-ef16-14007df5dc34.htm">etat</a></li><li><a id="f00c18bf-2c66-b5d4-9781-b9bf788cab2c" href="f00c18bf-2c66-b5d4-9781-b9bf788cab2c.htm">id_<wbr />document</a></li><li><a id="dfe89a8d-1fc1-d88a-b03f-cb61a3341a0f" href="dfe89a8d-1fc1-d88a-b03f-cb61a3341a0f.htm">nbr<wbr />Exemplaire</a></li><li><a id="0c953369-6d6c-cc13-7f40-9bc4549a0aa9" href="0c953369-6d6c-cc13-7f40-9bc4549a0aa9.htm">nom<wbr />Document</a></li></tocItems></toc>