﻿<?xml version="1.0" encoding="utf-8"?><toc><breadcrumbs><li><a href="8a9df0d3-e58e-b424-4867-7bd645819a07.htm">Docs</a></li><li><a href="5bd5c5e3-9138-73cc-5bf0-32a77cef8cf9.htm">Mediateq_<wbr />AP_<wbr />SIO<wbr />2.<wbr />metier</a></li><li><a href="a9543569-7be7-682c-3609-82936dd58ff8.htm">Descripteur</a></li></breadcrumbs><tocItems><li><a id="f6ae66f7-d9ad-df4f-7dcc-c102c32cf0cd" href="f6ae66f7-d9ad-df4f-7dcc-c102c32cf0cd.htm">Constructor</a></li><li><a id="3ea9eafc-b4c4-c522-04dd-21b97d4805ab" class="has-submenu" href="3ea9eafc-b4c4-c522-04dd-21b97d4805ab.htm"><span data-tocFile="../toc/IDBDB.xml" class="icon toggle" onclick="ToggleExpandCollapse(this); return false;"><i class="fa fa-angle-right"> </i></span>Properties</a><ul class="toc-menu is-hidden"> </ul></li><li><a id="72936866-fee0-ce6e-b4b2-edb82161b142" href="72936866-fee0-ce6e-b4b2-edb82161b142.htm">Methods</a></li><li><a id="a85417a9-b77a-ef6d-33ca-5759a8538f4d" class="has-submenu" href="a85417a9-b77a-ef6d-33ca-5759a8538f4d.htm"><span data-tocFile="../toc/IDDDB.xml" class="icon toggle" onclick="ToggleExpandCollapse(this); return false;"><i class="fa fa-angle-right"> </i></span>Fields</a><ul class="toc-menu is-hidden"> </ul></li></tocItems></toc>