﻿<?xml version="1.0" encoding="utf-8"?><toc><breadcrumbs><li><a href="8a9df0d3-e58e-b424-4867-7bd645819a07.htm">Docs</a></li><li><a href="5bd5c5e3-9138-73cc-5bf0-32a77cef8cf9.htm">Mediateq_<wbr />AP_<wbr />SIO<wbr />2.<wbr />metier</a></li><li><a href="a9543569-7be7-682c-3609-82936dd58ff8.htm">Descripteur</a></li><li><a href="a85417a9-b77a-ef6d-33ca-5759a8538f4d.htm">Fields</a></li></breadcrumbs><tocItems><li><a id="7b57b9e0-f960-d0c8-be22-b18dc4521920" href="7b57b9e0-f960-d0c8-be22-b18dc4521920.htm">id</a></li><li><a id="82504633-eac5-2888-6342-a49cb952d21d" href="82504633-eac5-2888-6342-a49cb952d21d.htm">libelle</a></li></tocItems></toc>