﻿<?xml version="1.0" encoding="utf-8"?><toc><breadcrumbs><li><a href="8a9df0d3-e58e-b424-4867-7bd645819a07.htm">Docs</a></li><li><a href="5bd5c5e3-9138-73cc-5bf0-32a77cef8cf9.htm">Mediateq_<wbr />AP_<wbr />SIO<wbr />2.<wbr />metier</a></li><li><a href="4d7806b4-888b-ffd1-0969-6ad207fd0d2a.htm">Document</a></li><li><a href="8133bde1-4dc0-8617-758c-0408e1c83ae8.htm">Fields</a></li></breadcrumbs><tocItems><li><a id="4be0a922-9167-8f7c-7be9-3ed079c85060" href="4be0a922-9167-8f7c-7be9-3ed079c85060.htm">id<wbr />Doc</a></li><li><a id="196807f9-e665-0add-c128-92475bac08d9" href="196807f9-e665-0add-c128-92475bac08d9.htm">image</a></li><li><a id="0c28da31-96ae-a938-b1a5-e6131c385d31" href="0c28da31-96ae-a938-b1a5-e6131c385d31.htm">la<wbr />Categorie</a></li><li><a id="74ba6121-67b3-2d34-b416-053204e87fd2" href="74ba6121-67b3-2d34-b416-053204e87fd2.htm">titre</a></li></tocItems></toc>