﻿<?xml version="1.0" encoding="utf-8"?><toc><breadcrumbs><li><a href="8a9df0d3-e58e-b424-4867-7bd645819a07.htm">Docs</a></li><li><a href="5bd5c5e3-9138-73cc-5bf0-32a77cef8cf9.htm">Mediateq_<wbr />AP_<wbr />SIO<wbr />2.<wbr />metier</a></li><li><a href="41605c48-4100-31a7-9235-a39002de391d.htm">DVD</a></li><li><a href="ff2826bc-784a-c855-38a9-a9fa5c961046.htm">Fields</a></li></breadcrumbs><tocItems><li><a id="b081b215-de7b-1263-7189-bbbb07a481a1" href="b081b215-de7b-1263-7189-bbbb07a481a1.htm">duree</a></li><li><a id="cd90389a-aa29-2d02-80ee-a46db3cb2374" href="cd90389a-aa29-2d02-80ee-a46db3cb2374.htm">realisateur</a></li><li><a id="0337f1d9-6751-6222-0163-cf917c397e77" href="0337f1d9-6751-6222-0163-cf917c397e77.htm">synopsis</a></li></tocItems></toc>