﻿<?xml version="1.0" encoding="utf-8"?><toc><breadcrumbs><li><a href="8a9df0d3-e58e-b424-4867-7bd645819a07.htm">Docs</a></li><li><a href="5bd5c5e3-9138-73cc-5bf0-32a77cef8cf9.htm">Mediateq_<wbr />AP_<wbr />SIO<wbr />2.<wbr />metier</a></li><li><a href="e1c50d3e-66eb-c7cf-8f43-2f80aebd5243.htm">Livre</a></li><li><a href="f43af4a9-bd73-79ee-ccdf-6b485ef6fa5c.htm">Fields</a></li></breadcrumbs><tocItems><li><a id="4e7f6796-ff9c-32ea-5607-786a301886c3" href="4e7f6796-ff9c-32ea-5607-786a301886c3.htm">auteur</a></li><li><a id="3ab5874d-f17c-167f-4fe0-ef586f3f3466" href="3ab5874d-f17c-167f-4fe0-ef586f3f3466.htm">ISBN</a></li><li><a id="74473dca-d565-7176-8e59-d0c40261a4c2" href="74473dca-d565-7176-8e59-d0c40261a4c2.htm">la<wbr />Collection</a></li></tocItems></toc>