﻿<?xml version="1.0" encoding="utf-8"?><toc><breadcrumbs><li><a href="8a9df0d3-e58e-b424-4867-7bd645819a07.htm">Docs</a></li><li><a href="5bd5c5e3-9138-73cc-5bf0-32a77cef8cf9.htm">Mediateq_<wbr />AP_<wbr />SIO<wbr />2.<wbr />metier</a></li><li><a href="4861a624-0ef7-b876-8a11-cbcf7fb0af48.htm">Parution</a></li><li><a href="d84a0285-9a13-ad18-fea0-2272e68ed8b2.htm">Fields</a></li></breadcrumbs><tocItems><li><a id="e77f470f-8466-db19-c4b3-74062651028e" href="e77f470f-8466-db19-c4b3-74062651028e.htm">date<wbr />Parution</a></li><li><a id="c8ec3c55-bd6d-2a23-b9b7-f402ca41c65b" href="c8ec3c55-bd6d-2a23-b9b7-f402ca41c65b.htm">id<wbr />Revue</a></li><li><a id="4061593e-baad-db90-669c-2635d7e55779" href="4061593e-baad-db90-669c-2635d7e55779.htm">numero</a></li><li><a id="8192a72a-f747-aafb-d298-82242720e965" href="8192a72a-f747-aafb-d298-82242720e965.htm">photo</a></li></tocItems></toc>