﻿<?xml version="1.0" encoding="utf-8"?><toc><breadcrumbs><li><a href="8a9df0d3-e58e-b424-4867-7bd645819a07.htm">Docs</a></li><li><a href="5bd5c5e3-9138-73cc-5bf0-32a77cef8cf9.htm">Mediateq_<wbr />AP_<wbr />SIO<wbr />2.<wbr />metier</a></li><li><a href="c6745b61-1129-4e30-0a1e-b6633788b177.htm">Revue</a></li><li><a href="2f2c3f3e-ec02-300f-9560-a99f2198560c.htm">Fields</a></li></breadcrumbs><tocItems><li><a id="fe972d6f-6796-4a30-68e2-496c4019b096" href="fe972d6f-6796-4a30-68e2-496c4019b096.htm">date<wbr />Fin<wbr />Abonnement</a></li><li><a id="4b26b21e-09ad-3671-8d17-d86b5134fdea" href="4b26b21e-09ad-3671-8d17-d86b5134fdea.htm">delai<wbr />Mise<wbr />ADispo</a></li><li><a id="44ad785c-6f2f-b3e0-9597-8212d377579b" href="44ad785c-6f2f-b3e0-9597-8212d377579b.htm">empruntable</a></li><li><a id="d09ad899-394c-93b5-1929-1ea57b99ed27" href="d09ad899-394c-93b5-1929-1ea57b99ed27.htm">id</a></li><li><a id="d25735e2-7f24-6a4e-f9a3-28c01e85e48d" href="d25735e2-7f24-6a4e-f9a3-28c01e85e48d.htm">id<wbr />Descripteur</a></li><li><a id="a48d631f-594d-2528-726e-c8dd7c18e02d" href="a48d631f-594d-2528-726e-c8dd7c18e02d.htm">periodicite</a></li><li><a id="6a098392-0b4f-5876-bae5-d6d5ad81be80" href="6a098392-0b4f-5876-bae5-d6d5ad81be80.htm">titre</a></li></tocItems></toc>