﻿<?xml version="1.0" encoding="utf-8"?><toc><breadcrumbs><li><a href="8a9df0d3-e58e-b424-4867-7bd645819a07.htm">Docs</a></li><li><a href="5bd5c5e3-9138-73cc-5bf0-32a77cef8cf9.htm">Mediateq_<wbr />AP_<wbr />SIO<wbr />2.<wbr />metier</a></li><li><a href="4d7806b4-888b-ffd1-0969-6ad207fd0d2a.htm">Document</a></li></breadcrumbs><tocItems><li><a id="54831fc2-7ed9-a57b-44b7-5e8b54b363e3" href="54831fc2-7ed9-a57b-44b7-5e8b54b363e3.htm">Constructor</a></li><li><a id="dc66a4e6-d929-0857-6da0-477284f95c09" class="has-submenu" href="dc66a4e6-d929-0857-6da0-477284f95c09.htm"><span data-tocFile="../toc/IDBEB.xml" class="icon toggle" onclick="ToggleExpandCollapse(this); return false;"><i class="fa fa-angle-right"> </i></span>Properties</a><ul class="toc-menu is-hidden"> </ul></li><li><a id="ce489395-13f4-82a2-a99c-f264933150bc" href="ce489395-13f4-82a2-a99c-f264933150bc.htm">Methods</a></li><li><a id="8133bde1-4dc0-8617-758c-0408e1c83ae8" class="has-submenu" href="8133bde1-4dc0-8617-758c-0408e1c83ae8.htm"><span data-tocFile="../toc/IDDEB.xml" class="icon toggle" onclick="ToggleExpandCollapse(this); return false;"><i class="fa fa-angle-right"> </i></span>Fields</a><ul class="toc-menu is-hidden"> </ul></li></tocItems></toc>