﻿<?xml version="1.0" encoding="utf-8"?><toc><breadcrumbs><li><a href="8a9df0d3-e58e-b424-4867-7bd645819a07.htm">Docs</a></li><li><a href="8a9df0d3-e58e-b424-4867-7bd645819a07.htm">Mediateq_<wbr />AP_<wbr />SIO<wbr />2</a></li><li><a href="e39ecf92-0802-0bdc-f489-112508fde1a6.htm">Frm<wbr />Mediateq</a></li><li><a href="4bba7521-a713-1e37-6ef9-f7fa74a833e6.htm">Fields</a></li></breadcrumbs><tocItems><li><a id="d2e98b0a-8379-ea35-11cd-ebca0aedf6e2" href="d2e98b0a-8379-ea35-11cd-ebca0aedf6e2.htm">auteur</a></li><li><a id="51d792f6-914e-57bc-6be0-230162885526" href="51d792f6-914e-57bc-6be0-230162885526.htm">btn<wbr />Commande</a></li><li><a id="7b0c7b7c-1fdc-2b37-129c-995d90b3dfb2" href="7b0c7b7c-1fdc-2b37-129c-995d90b3dfb2.htm">btn<wbr />Rechercher</a></li><li><a id="7c7a4cc1-c863-55a1-f3ef-6b7a6b7a2060" href="7c7a4cc1-c863-55a1-f3ef-6b7a6b7a2060.htm">btn<wbr />Rechercher<wbr />DVD</a></li><li><a id="7d7a9214-9545-19f2-458f-9fddf4e571bf" href="7d7a9214-9545-19f2-458f-9fddf4e571bf.htm">button<wbr />1</a></li><li><a id="815e3de5-d1b8-b610-5f47-67ebde7b29d3" href="815e3de5-d1b8-b610-5f47-67ebde7b29d3.htm">button<wbr />Ajout<wbr />Mois</a></li><li><a id="571b1282-c31f-6888-343b-5dae32839786" href="571b1282-c31f-6888-343b-5dae32839786.htm">button<wbr />Ajout<wbr />Revue</a></li><li><a id="77b2598e-a149-c027-e322-c1e51e085aab" href="77b2598e-a149-c027-e322-c1e51e085aab.htm">button<wbr />Connexion</a></li><li><a id="ed115c30-c7cc-7dee-a6eb-88c85c539005" href="ed115c30-c7cc-7dee-a6eb-88c85c539005.htm">button<wbr />Deconnexion</a></li><li><a id="a9b9400f-849d-83f1-b502-79a08ed9917b" href="a9b9400f-849d-83f1-b502-79a08ed9917b.htm">button<wbr />Inscription</a></li><li><a id="c5dcaeba-fc3c-d6da-7d55-46f21814fa06" href="c5dcaeba-fc3c-d6da-7d55-46f21814fa06.htm">CBEtat</a></li><li><a id="6360556c-efc6-0502-09a8-90876128f39f" href="6360556c-efc6-0502-09a8-90876128f39f.htm">CBPeriodicite</a></li><li><a id="e7d83c93-5b96-4ef8-8349-dcd9025e848a" href="e7d83c93-5b96-4ef8-8349-dcd9025e848a.htm">CBType<wbr />Revue</a></li><li><a id="ac049aea-7349-1615-17b3-ea75cddfeb46" href="ac049aea-7349-1615-17b3-ea75cddfeb46.htm">cbx<wbr />Domaines</a></li><li><a id="139f0ecf-bc93-14f2-5cae-5b5438ce4ff2" href="139f0ecf-bc93-14f2-5cae-5b5438ce4ff2.htm">cbx<wbr />Titres</a></li><li><a id="e0987dce-adeb-a568-5825-23e29c2c7298" href="e0987dce-adeb-a568-5825-23e29c2c7298.htm">combo<wbr />Box<wbr />Service</a></li><li><a id="994449d3-5ea8-6ba1-b93a-4e25a993f2f1" href="994449d3-5ea8-6ba1-b93a-4e25a993f2f1.htm">components</a></li><li><a id="bac279f4-a733-8dcb-88e0-12ded0b193b3" href="bac279f4-a733-8dcb-88e0-12ded0b193b3.htm">Creation</a></li><li><a id="6d4acebb-d1e1-0a5f-3abd-4af26180a549" href="6d4acebb-d1e1-0a5f-3abd-4af26180a549.htm">data<wbr />Grid<wbr />View<wbr />Text<wbr />Box<wbr />Column<wbr />1</a></li><li><a id="2fcac742-9c4a-6c45-5960-c43ec769ee46" href="2fcac742-9c4a-6c45-5960-c43ec769ee46.htm">data<wbr />Grid<wbr />View<wbr />Text<wbr />Box<wbr />Column<wbr />2</a></li><li><a id="91f16fff-f85c-c191-7458-bf5f61c3284c" href="91f16fff-f85c-c191-7458-bf5f61c3284c.htm">data<wbr />Grid<wbr />View<wbr />Text<wbr />Box<wbr />Column<wbr />3</a></li><li><a id="5954d954-3d04-52b2-3875-53977eb416bf" href="5954d954-3d04-52b2-3875-53977eb416bf.htm">data<wbr />Grid<wbr />View<wbr />Text<wbr />Box<wbr />Column<wbr />4</a></li><li><a id="033f211f-2ea6-acd8-85d5-ec6262efe9ba" href="033f211f-2ea6-acd8-85d5-ec6262efe9ba.htm">data<wbr />Grid<wbr />View<wbr />Text<wbr />Box<wbr />Column<wbr />5</a></li><li><a id="337cac25-02b3-fad7-dc45-d98e77ed4273" href="337cac25-02b3-fad7-dc45-d98e77ed4273.htm">Date<wbr />Commande</a></li><li><a id="4effadc7-f4bd-00ed-7fe6-346574f30aff" href="4effadc7-f4bd-00ed-7fe6-346574f30aff.htm">date<wbr />Fin</a></li><li><a id="3d1ddc5c-9506-7fde-a3d2-218fedb7353c" href="3d1ddc5c-9506-7fde-a3d2-218fedb7353c.htm">date<wbr />Fin<wbr />Abonnement<wbr />Revue</a></li><li><a id="ee38305a-b44d-3926-111b-1aed40af9a62" href="ee38305a-b44d-3926-111b-1aed40af9a62.htm">date<wbr />Parution</a></li><li><a id="f2b8a841-b374-af67-d2e1-4caa885b7f19" href="f2b8a841-b374-af67-d2e1-4caa885b7f19.htm">date<wbr />Time<wbr />Picker<wbr />Date<wbr />Fin<wbr />Abo</a></li><li><a id="57930a8e-703e-fa8b-1708-b67f66980fb5" href="57930a8e-703e-fa8b-1708-b67f66980fb5.htm">DGVCommande</a></li><li><a id="c74e393f-2e64-8e56-8f4e-ea42699fe649" href="c74e393f-2e64-8e56-8f4e-ea42699fe649.htm">dgv<wbr />DVD</a></li><li><a id="68782ad5-c4a2-0704-790c-b6a5f150e207" href="68782ad5-c4a2-0704-790c-b6a5f150e207.htm">dgv<wbr />Livres</a></li><li><a id="177c0297-4dec-5915-52c3-379aebe3f1b1" href="177c0297-4dec-5915-52c3-379aebe3f1b1.htm">dgv<wbr />Parutions</a></li><li><a id="b3be66b2-bb6e-69c0-762a-cf663b220669" href="b3be66b2-bb6e-69c0-762a-cf663b220669.htm">DGVRevues</a></li><li><a id="311899d3-2a39-896f-a89b-38b268ff34a0" href="311899d3-2a39-896f-a89b-38b268ff34a0.htm">dgv<wbr />Titres</a></li><li><a id="dfdaeb2a-d370-6016-35f4-e80dbc14c3de" href="dfdaeb2a-d370-6016-35f4-e80dbc14c3de.htm">empruntable</a></li><li><a id="09c16295-884f-4820-f444-25c6ad2d07ca" href="09c16295-884f-4820-f444-25c6ad2d07ca.htm">etat<wbr />Commande</a></li><li><a id="febbd36a-2abc-5f47-02f2-21dc1ee62058" href="febbd36a-2abc-5f47-02f2-21dc1ee62058.htm">group<wbr />Box<wbr />1</a></li><li><a id="4cd27d4d-dcd5-5310-12c4-57142a95bfa5" href="4cd27d4d-dcd5-5310-12c4-57142a95bfa5.htm">group<wbr />Box<wbr />2</a></li><li><a id="a79d0a73-800e-e740-3d79-5353655823aa" href="a79d0a73-800e-e740-3d79-5353655823aa.htm">group<wbr />Box<wbr />3</a></li><li><a id="0e062bfd-1242-4945-ba50-4353f74d9419" href="0e062bfd-1242-4945-ba50-4353f74d9419.htm">group<wbr />Box<wbr />4</a></li><li><a id="312323df-088b-d33d-0ed0-aff012f9d9a7" href="312323df-088b-d33d-0ed0-aff012f9d9a7.htm">grp<wbr />Recherche<wbr />Code</a></li><li><a id="a3b752bb-f3b9-017a-2dee-dde0509aa163" href="a3b752bb-f3b9-017a-2dee-dde0509aa163.htm">grp<wbr />Recherche<wbr />Titre</a></li><li><a id="cc9be315-e00a-7562-4974-50cb63391d7d" href="cc9be315-e00a-7562-4974-50cb63391d7d.htm">id</a></li><li><a id="55b84f9b-da08-a95e-97a1-43129a1f37f2" href="55b84f9b-da08-a95e-97a1-43129a1f37f2.htm">id<wbr />Doc</a></li><li><a id="b86db657-30f1-e3b5-000b-8b87f5726d60" href="b86db657-30f1-e3b5-000b-8b87f5726d60.htm">id<wbr />Revue</a></li><li><a id="8f9074a2-4b53-e663-8036-c89c091ab0f7" href="8f9074a2-4b53-e663-8036-c89c091ab0f7.htm">id<wbr />Titre</a></li><li><a id="cf0104c0-2886-7ccc-3dac-1ced2e278168" href="cf0104c0-2886-7ccc-3dac-1ced2e278168.htm">isbn</a></li><li><a id="52e9627c-1f43-d841-46e6-5c3b918c45c7" href="52e9627c-1f43-d841-46e6-5c3b918c45c7.htm">label<wbr />1</a></li><li><a id="5ff9ab44-fbe2-f082-5c81-63c626bbf7b0" href="5ff9ab44-fbe2-f082-5c81-63c626bbf7b0.htm">label<wbr />10</a></li><li><a id="d3589e04-1357-67bd-babe-f53ff16acccb" href="d3589e04-1357-67bd-babe-f53ff16acccb.htm">label<wbr />11</a></li><li><a id="9dff87ac-07a0-9c7b-d43d-215d276db57d" href="9dff87ac-07a0-9c7b-d43d-215d276db57d.htm">label<wbr />12</a></li><li><a id="f63ced04-12c4-cb30-9419-08e5228f4abd" href="f63ced04-12c4-cb30-9419-08e5228f4abd.htm">label<wbr />13</a></li><li><a id="de6b2068-325c-7357-9699-3b311c9eb423" href="de6b2068-325c-7357-9699-3b311c9eb423.htm">label<wbr />14</a></li><li><a id="132c8844-7321-8dbb-9878-2213f7593012" href="132c8844-7321-8dbb-9878-2213f7593012.htm">label<wbr />15</a></li><li><a id="574a3c4e-bac3-c65d-4576-4813532fc1cb" href="574a3c4e-bac3-c65d-4576-4813532fc1cb.htm">label<wbr />16</a></li><li><a id="e8cec7c7-a57a-1229-a45e-8d433ae4fd74" href="e8cec7c7-a57a-1229-a45e-8d433ae4fd74.htm">label<wbr />17</a></li><li><a id="7758ae68-ace7-e009-a1ca-64a10ee79827" href="7758ae68-ace7-e009-a1ca-64a10ee79827.htm">label<wbr />18</a></li><li><a id="f4b865fc-8d8b-264c-5c39-10c4b32626e0" href="f4b865fc-8d8b-264c-5c39-10c4b32626e0.htm">label<wbr />19</a></li><li><a id="2a3dcf5c-88de-1ee3-c10d-5fdd792c7c49" href="2a3dcf5c-88de-1ee3-c10d-5fdd792c7c49.htm">label<wbr />2</a></li><li><a id="d11efc1e-a472-1368-0c86-dd64d1b65660" href="d11efc1e-a472-1368-0c86-dd64d1b65660.htm">label<wbr />20</a></li><li><a id="82f81d17-07de-dcbf-9d04-7bb97d2c0414" href="82f81d17-07de-dcbf-9d04-7bb97d2c0414.htm">label<wbr />21</a></li><li><a id="f060b6b6-d915-f074-2a08-9bb13d628886" href="f060b6b6-d915-f074-2a08-9bb13d628886.htm">label<wbr />22</a></li><li><a id="8e9873b3-48d3-21a7-4ac8-f117a3156640" href="8e9873b3-48d3-21a7-4ac8-f117a3156640.htm">label<wbr />23</a></li><li><a id="70ba7ac5-8445-68aa-3831-a430d4c3547d" href="70ba7ac5-8445-68aa-3831-a430d4c3547d.htm">label<wbr />24</a></li><li><a id="23b1237d-cc1e-06ac-4dce-224f9cb8b702" href="23b1237d-cc1e-06ac-4dce-224f9cb8b702.htm">label<wbr />25</a></li><li><a id="2b1ce83e-0a45-b152-8b1d-54d94e8a8a97" href="2b1ce83e-0a45-b152-8b1d-54d94e8a8a97.htm">label<wbr />26</a></li><li><a id="51b8788e-844a-1f1a-2c3b-49ab3c0d11eb" href="51b8788e-844a-1f1a-2c3b-49ab3c0d11eb.htm">label<wbr />27</a></li><li><a id="0612b797-7f3c-17fd-0852-54c3a41c3874" href="0612b797-7f3c-17fd-0852-54c3a41c3874.htm">label<wbr />28</a></li><li><a id="6f54e090-dd2b-e5ed-da57-11034872d3e9" href="6f54e090-dd2b-e5ed-da57-11034872d3e9.htm">label<wbr />29</a></li><li><a id="90bf015c-3a84-8f6e-ebe9-24b1e90c7bb8" href="90bf015c-3a84-8f6e-ebe9-24b1e90c7bb8.htm">label<wbr />3</a></li><li><a id="8e69323c-2ab2-d6bc-db07-0d6f0b8c88c5" href="8e69323c-2ab2-d6bc-db07-0d6f0b8c88c5.htm">label<wbr />30</a></li><li><a id="f958b54b-0f7d-b0e3-e5ad-888155115559" href="f958b54b-0f7d-b0e3-e5ad-888155115559.htm">label<wbr />31</a></li><li><a id="6849d33f-7928-8512-71dc-26835e45f083" href="6849d33f-7928-8512-71dc-26835e45f083.htm">label<wbr />32</a></li><li><a id="654ecbbc-3322-967b-471e-0671889eab75" href="654ecbbc-3322-967b-471e-0671889eab75.htm">label<wbr />33</a></li><li><a id="6c3719b5-5b59-e1ae-3535-031b11da9ff2" href="6c3719b5-5b59-e1ae-3535-031b11da9ff2.htm">label<wbr />34</a></li><li><a id="1614ab95-4e5c-f050-4653-3d6e277fa6ef" href="1614ab95-4e5c-f050-4653-3d6e277fa6ef.htm">label<wbr />35</a></li><li><a id="ca827bd2-28a1-0c44-83a3-c25bd9496617" href="ca827bd2-28a1-0c44-83a3-c25bd9496617.htm">label<wbr />36</a></li><li><a id="e1c4e067-eff3-522a-764e-173f18f34056" href="e1c4e067-eff3-522a-764e-173f18f34056.htm">label<wbr />37</a></li><li><a id="dde92f07-5d1b-ce1c-8c95-8cdd3f5eccee" href="dde92f07-5d1b-ce1c-8c95-8cdd3f5eccee.htm">label<wbr />38</a></li><li><a id="e7ea2a9d-fcfa-1e22-6e44-ddeccda5bc14" href="e7ea2a9d-fcfa-1e22-6e44-ddeccda5bc14.htm">label<wbr />39</a></li><li><a id="3e889b46-591c-ecc1-57a1-cb9a3f381f43" href="3e889b46-591c-ecc1-57a1-cb9a3f381f43.htm">label<wbr />4</a></li><li><a id="547a0ebf-f2e4-59b3-87f0-bacc79ecded9" href="547a0ebf-f2e4-59b3-87f0-bacc79ecded9.htm">label<wbr />40</a></li><li><a id="abdcb4fb-72fb-6d61-70a1-5d376f4e1a85" href="abdcb4fb-72fb-6d61-70a1-5d376f4e1a85.htm">label<wbr />41</a></li><li><a id="706ee30a-2ebf-216f-34e5-879e148d9bb7" href="706ee30a-2ebf-216f-34e5-879e148d9bb7.htm">label<wbr />42</a></li><li><a id="a16c31e2-9f25-7d51-267b-3b0c59c9a78a" href="a16c31e2-9f25-7d51-267b-3b0c59c9a78a.htm">label<wbr />43</a></li><li><a id="6f6b8808-3bc9-b6f9-c806-6573d8b6539c" href="6f6b8808-3bc9-b6f9-c806-6573d8b6539c.htm">label<wbr />44</a></li><li><a id="8004e32a-6ef8-a492-efa7-8fc2b6a37896" href="8004e32a-6ef8-a492-efa7-8fc2b6a37896.htm">label<wbr />45</a></li><li><a id="613274f5-8e00-213c-f1bb-991ea5765558" href="613274f5-8e00-213c-f1bb-991ea5765558.htm">label<wbr />5</a></li><li><a id="5a407f03-fe04-9446-1528-5cbfad83a57e" href="5a407f03-fe04-9446-1528-5cbfad83a57e.htm">label<wbr />6</a></li><li><a id="430dbdf6-586d-8ed9-927b-dbb252fe7f73" href="430dbdf6-586d-8ed9-927b-dbb252fe7f73.htm">label<wbr />7</a></li><li><a id="d3e57f27-4793-e8a3-a150-b97cc8dc0833" href="d3e57f27-4793-e8a3-a150-b97cc8dc0833.htm">label<wbr />8</a></li><li><a id="0b7ad870-7f4f-576e-c0cb-9d85e5fd7cbf" href="0b7ad870-7f4f-576e-c0cb-9d85e5fd7cbf.htm">label<wbr />9</a></li><li><a id="fae1b372-6efe-8fd4-0fbf-cc10d77cbc8b" href="fae1b372-6efe-8fd4-0fbf-cc10d77cbc8b.htm">label<wbr />Date<wbr />Fin<wbr />Abo</a></li><li><a id="b79cf377-165c-b95e-69b6-2dc5dea93fbf" href="b79cf377-165c-b95e-69b6-2dc5dea93fbf.htm">labelnom</a></li><li><a id="d9b495a1-54b3-3b92-cf31-631981cf9265" href="d9b495a1-54b3-3b92-cf31-631981cf9265.htm">labelprenom</a></li><li><a id="3890c121-8eff-4161-5d2b-50d5af720d39" href="3890c121-8eff-4161-5d2b-50d5af720d39.htm">label<wbr />Titre<wbr />Revue</a></li><li><a id="3f093b42-155d-9977-d98a-cc46b5dbe533" href="3f093b42-155d-9977-d98a-cc46b5dbe533.htm">lacollection</a></li><li><a id="77df269b-5dcf-e510-0bfd-76763f9a2636" href="77df269b-5dcf-e510-0bfd-76763f9a2636.htm">lbl<wbr />28</a></li><li><a id="e5d06801-cf0b-fc6f-efd0-b281ee555b6e" href="e5d06801-cf0b-fc6f-efd0-b281ee555b6e.htm">lbl<wbr />31</a></li><li><a id="af73e785-03bd-389b-380e-c1e7fd10581e" href="af73e785-03bd-389b-380e-c1e7fd10581e.htm">lbl<wbr />Auteur</a></li><li><a id="a6dc30d9-ffe9-0e76-a32a-350e993df7d4" href="a6dc30d9-ffe9-0e76-a32a-350e993df7d4.htm">lbl<wbr />Collection</a></li><li><a id="d629a873-ed17-eefd-d9c5-5a19c6d5c9a8" href="d629a873-ed17-eefd-d9c5-5a19c6d5c9a8.htm">lbl<wbr />Duree<wbr />DVD</a></li><li><a id="4d935a33-71ce-6f39-380b-fd5a5c173784" href="4d935a33-71ce-6f39-380b-fd5a5c173784.htm">lbl<wbr />Image</a></li><li><a id="c9942456-72ba-3377-1906-49d9a68bcc1e" href="c9942456-72ba-3377-1906-49d9a68bcc1e.htm">lbl<wbr />Image<wbr />DVD</a></li><li><a id="d22a804c-c4e8-fff4-ea3a-690d5fa371bd" href="d22a804c-c4e8-fff4-ea3a-690d5fa371bd.htm">lbl<wbr />ISBN</a></li><li><a id="3ff7b67f-c199-dfdd-fcd4-2477440529ec" href="3ff7b67f-c199-dfdd-fcd4-2477440529ec.htm">lbl<wbr />Numero</a></li><li><a id="e2099775-3fd1-89d5-f683-70319a7a222e" href="e2099775-3fd1-89d5-f683-70319a7a222e.htm">lbl<wbr />Numero<wbr />DVD</a></li><li><a id="17349582-d5c0-ed62-9461-7f905747efdb" href="17349582-d5c0-ed62-9461-7f905747efdb.htm">lbl<wbr />Realisateur<wbr />DVD</a></li><li><a id="e5e28d79-cc06-76d4-6cae-88c2d60ca589" href="e5e28d79-cc06-76d4-6cae-88c2d60ca589.htm">lbl<wbr />Synopsis<wbr />DVD</a></li><li><a id="61074afb-979b-91f1-dd86-9f4572be90b4" href="61074afb-979b-91f1-dd86-9f4572be90b4.htm">lbl<wbr />Titre</a></li><li><a id="07f506d5-c1f7-2aac-15c3-acbfb52a80b8" href="07f506d5-c1f7-2aac-15c3-acbfb52a80b8.htm">lbl<wbr />Titre<wbr />DVD</a></li><li><a id="ee50efc7-f16d-571c-f2db-ecc2882f53d4" href="ee50efc7-f16d-571c-f2db-ecc2882f53d4.htm">les<wbr />Categories</a></li><li><a id="cd3c1b10-f470-02b5-74a4-a0f7d5f6a5a2" href="cd3c1b10-f470-02b5-74a4-a0f7d5f6a5a2.htm">les<wbr />Commandes</a></li><li><a id="f610b711-f8ae-f4f8-2c72-d3ef2e654438" href="f610b711-f8ae-f4f8-2c72-d3ef2e654438.htm">les<wbr />Descripteurs</a></li><li><a id="69d761a0-53ea-0378-7ab5-ef7d6e3c46ee" href="69d761a0-53ea-0378-7ab5-ef7d6e3c46ee.htm">les<wbr />DVD</a></li><li><a id="099ec0d0-459e-d109-3e38-ef3ed01a0887" href="099ec0d0-459e-d109-3e38-ef3ed01a0887.htm">les<wbr />Livres</a></li><li><a id="6b4c1026-1e99-ed29-6980-53041605b754" href="6b4c1026-1e99-ed29-6980-53041605b754.htm">les<wbr />Revues</a></li><li><a id="6f452f78-70ba-f855-3b04-440d5caa39d0" href="6f452f78-70ba-f855-3b04-440d5caa39d0.htm">nb<wbr />Exemplaire</a></li><li><a id="d46ee979-ebe3-b672-dc1c-5c440b2a523f" href="d46ee979-ebe3-b672-dc1c-5c440b2a523f.htm">nom</a></li><li><a id="6b045d4f-78e2-097c-5071-866f4e52e6bf" href="6b045d4f-78e2-097c-5071-866f4e52e6bf.htm">nom<wbr />Doc</a></li><li><a id="b18dcad9-4037-48b7-abf6-aaf8f057d143" href="b18dcad9-4037-48b7-abf6-aaf8f057d143.htm">numeric<wbr />Up<wbr />Down<wbr />Nbr<wbr />Exemplaire</a></li><li><a id="d4cc0f5e-c0cc-e88b-bfa8-748a071ae20d" href="d4cc0f5e-c0cc-e88b-bfa8-748a071ae20d.htm">numero</a></li><li><a id="2b013b9b-57b6-d907-6ad1-d8e43f16079b" href="2b013b9b-57b6-d907-6ad1-d8e43f16079b.htm">periodicite</a></li><li><a id="bf6bda5c-1276-24a6-a350-7cabb6ff462b" href="bf6bda5c-1276-24a6-a350-7cabb6ff462b.htm">photo</a></li><li><a id="fca7c8ee-9b8e-6453-1221-af815815954e" href="fca7c8ee-9b8e-6453-1221-af815815954e.htm">radio<wbr />Button<wbr />Non</a></li><li><a id="12159754-3439-818c-bbc2-c2c3400fba80" href="12159754-3439-818c-bbc2-c2c3400fba80.htm">radio<wbr />Button<wbr />Oui</a></li><li><a id="26746d7c-540c-0058-dde1-bb7f42b54b49" href="26746d7c-540c-0058-dde1-bb7f42b54b49.htm">tab<wbr />Abo<wbr />Revues</a></li><li><a id="386a7de1-6dad-f26d-998f-d177352d39cb" href="386a7de1-6dad-f26d-998f-d177352d39cb.htm">tab<wbr />Ajout<wbr />Abo</a></li><li><a id="106f10c4-b594-8081-c44b-82e41fd2f948" href="106f10c4-b594-8081-c44b-82e41fd2f948.htm">tab<wbr />Commande</a></li><li><a id="03fbb02d-e923-bf09-4ab5-811c903c9d3b" href="03fbb02d-e923-bf09-4ab5-811c903c9d3b.htm">tab<wbr />Con</a></li><li><a id="c734f6ba-2b28-e298-d550-24d226da1cf8" href="c734f6ba-2b28-e298-d550-24d226da1cf8.htm">tab<wbr />Control</a></li><li><a id="ce0c017b-c38a-a1c3-6a97-80bd7f2c5c98" href="ce0c017b-c38a-a1c3-6a97-80bd7f2c5c98.htm">tab<wbr />Control<wbr />1</a></li><li><a id="b3e181b4-42dc-748f-3954-983ce521139e" href="b3e181b4-42dc-748f-3954-983ce521139e.htm">tab<wbr />Creation<wbr />Commande</a></li><li><a id="16b50b82-dfa1-8dc4-f0d5-4dca850c00f0" href="16b50b82-dfa1-8dc4-f0d5-4dca850c00f0.htm">tab<wbr />DVD</a></li><li><a id="609bc026-ae79-b90f-918a-85d99e8d0953" href="609bc026-ae79-b90f-918a-85d99e8d0953.htm">tab<wbr />Inscription</a></li><li><a id="d84225f9-0076-6d30-ef6e-22941e56187b" href="d84225f9-0076-6d30-ef6e-22941e56187b.htm">tab<wbr />Livres</a></li><li><a id="0f370b4a-91c9-e979-4b6b-ba1a48899b4d" href="0f370b4a-91c9-e979-4b6b-ba1a48899b4d.htm">tab<wbr />Parutions</a></li><li><a id="23fe100b-6677-447d-daf5-99a3cd7fde4f" href="23fe100b-6677-447d-daf5-99a3cd7fde4f.htm">tab<wbr />Renouvelement</a></li><li><a id="81963d90-2abd-1f46-a94f-641a5d14a5f7" href="81963d90-2abd-1f46-a94f-641a5d14a5f7.htm">tab<wbr />Suivi<wbr />Commande</a></li><li><a id="41821157-b6f3-c693-23a5-231682d45399" href="41821157-b6f3-c693-23a5-231682d45399.htm">tab<wbr />Titres</a></li><li><a id="3a2f3f68-6aec-558e-9dec-2e28c6a3caee" href="3a2f3f68-6aec-558e-9dec-2e28c6a3caee.htm">TBAjout<wbr />Mois</a></li><li><a id="d13dd9f4-ef8a-9fdb-608d-01e6a1c302a7" href="d13dd9f4-ef8a-9fdb-608d-01e6a1c302a7.htm">TBDelais</a></li><li><a id="e2313648-212d-f8e2-7d79-552fa221dc87" href="e2313648-212d-f8e2-7d79-552fa221dc87.htm">TBId<wbr />Revue</a></li><li><a id="8d463f35-0304-2075-1aa2-b70e29b19d18" href="8d463f35-0304-2075-1aa2-b70e29b19d18.htm">TBInscription<wbr />Mail</a></li><li><a id="5d6e342a-5616-e55a-3d54-e4ac72bce886" href="5d6e342a-5616-e55a-3d54-e4ac72bce886.htm">TBInscription<wbr />MDP</a></li><li><a id="5d06e4ac-3d38-9cc0-05f1-a520538addd9" href="5d06e4ac-3d38-9cc0-05f1-a520538addd9.htm">TBInscription<wbr />Nom</a></li><li><a id="5abf8955-fc23-363a-7a42-a36e7e6f86d8" href="5abf8955-fc23-363a-7a42-a36e7e6f86d8.htm">TBInscription<wbr />Prenom</a></li><li><a id="95caa323-6e6d-7d63-4460-fe3745a7fc09" href="95caa323-6e6d-7d63-4460-fe3745a7fc09.htm">TBNumero<wbr />Commande</a></li><li><a id="a58012ca-37cd-fbb6-61f6-e1018f4bb6eb" href="a58012ca-37cd-fbb6-61f6-e1018f4bb6eb.htm">TBTitre<wbr />Revue</a></li><li><a id="f77436cf-31db-614d-6989-f7d3047936c4" href="f77436cf-31db-614d-6989-f7d3047936c4.htm">text<wbr />Box<wbr />Mail</a></li><li><a id="faa23dc8-e9bd-92d3-931f-2bc24c2075c4" href="faa23dc8-e9bd-92d3-931f-2bc24c2075c4.htm">text<wbr />Box<wbr />Nom<wbr />Doc</a></li><li><a id="0300d725-501b-81f9-453b-1bec5e6372b9" href="0300d725-501b-81f9-453b-1bec5e6372b9.htm">text<wbr />Box<wbr />Password</a></li><li><a id="e9c27dbd-e6fc-dfe8-70eb-52917c34b90c" href="e9c27dbd-e6fc-dfe8-70eb-52917c34b90c.htm">titre</a></li><li><a id="6387ef9c-4443-4640-5587-de9345be7f14" href="6387ef9c-4443-4640-5587-de9345be7f14.htm">titre<wbr />Revue</a></li><li><a id="86f23162-d0ed-997c-565d-fdf3ed8f20ac" href="86f23162-d0ed-997c-565d-fdf3ed8f20ac.htm">txb<wbr />Num<wbr />Doc</a></li><li><a id="9d158bce-c8f8-2574-85df-aff7c8885f5c" href="9d158bce-c8f8-2574-85df-aff7c8885f5c.htm">txb<wbr />Num<wbr />Doc<wbr />DVD</a></li><li><a id="0d120610-64a9-1bbe-e799-974e89ffe662" href="0d120610-64a9-1bbe-e799-974e89ffe662.htm">txb<wbr />Titre</a></li><li><a id="f36d0967-369f-eaef-31cb-4d55f8b2cbcc" href="f36d0967-369f-eaef-31cb-4d55f8b2cbcc.htm">txb<wbr />Titre<wbr />DVD</a></li></tocItems></toc>