﻿<?xml version="1.0" encoding="utf-8"?><toc><breadcrumbs><li><a href="8a9df0d3-e58e-b424-4867-7bd645819a07.htm">Docs</a></li><li><a href="5bd5c5e3-9138-73cc-5bf0-32a77cef8cf9.htm">Mediateq_<wbr />AP_<wbr />SIO<wbr />2.<wbr />metier</a></li><li><a href="27f3b7a6-e04a-2323-0b63-edeff64aab9a.htm">Exception<wbr />SIO</a></li><li><a href="a2a3e167-bed4-5161-5300-6332b1740385.htm">Fields</a></li></breadcrumbs><tocItems><li><a id="6fdf6ea7-8b61-f609-2715-8e294a9fdad2" href="6fdf6ea7-8b61-f609-2715-8e294a9fdad2.htm">libelle<wbr />Exc</a></li><li><a id="102fe8c5-333c-4ded-c2e5-404b1eff6d9d" href="102fe8c5-333c-4ded-c2e5-404b1eff6d9d.htm">niveau<wbr />Exc</a></li></tocItems></toc>