﻿<?xml version="1.0" encoding="utf-8"?><toc><breadcrumbs><li><a href="8a9df0d3-e58e-b424-4867-7bd645819a07.htm">Docs</a></li><li><a href="5bd5c5e3-9138-73cc-5bf0-32a77cef8cf9.htm">Mediateq_<wbr />AP_<wbr />SIO<wbr />2.<wbr />metier</a></li><li><a href="41605c48-4100-31a7-9235-a39002de391d.htm">DVD</a></li></breadcrumbs><tocItems><li><a id="48ae04f6-f389-26ed-17d1-8429e6639423" href="48ae04f6-f389-26ed-17d1-8429e6639423.htm">Constructor</a></li><li><a id="60a2e591-29cb-234e-f6f7-baa408f8045f" class="has-submenu" href="60a2e591-29cb-234e-f6f7-baa408f8045f.htm"><span data-tocFile="../toc/IDBFB.xml" class="icon toggle" onclick="ToggleExpandCollapse(this); return false;"><i class="fa fa-angle-right"> </i></span>Properties</a><ul class="toc-menu is-hidden"> </ul></li><li><a id="756a6969-6b51-bcd4-6a21-0254a5441cc9" href="756a6969-6b51-bcd4-6a21-0254a5441cc9.htm">Methods</a></li><li><a id="ff2826bc-784a-c855-38a9-a9fa5c961046" class="has-submenu" href="ff2826bc-784a-c855-38a9-a9fa5c961046.htm"><span data-tocFile="../toc/IDDFB.xml" class="icon toggle" onclick="ToggleExpandCollapse(this); return false;"><i class="fa fa-angle-right"> </i></span>Fields</a><ul class="toc-menu is-hidden"> </ul></li></tocItems></toc>