﻿<?xml version="1.0" encoding="utf-8"?><toc><breadcrumbs><li><a href="8a9df0d3-e58e-b424-4867-7bd645819a07.htm">Docs</a></li><li><a href="5bd5c5e3-9138-73cc-5bf0-32a77cef8cf9.htm">Mediateq_<wbr />AP_<wbr />SIO<wbr />2.<wbr />metier</a></li><li><a href="27f3b7a6-e04a-2323-0b63-edeff64aab9a.htm">Exception<wbr />SIO</a></li></breadcrumbs><tocItems><li><a id="8927beb0-0190-34c8-7427-fbfe18ab53aa" href="8927beb0-0190-34c8-7427-fbfe18ab53aa.htm">Constructor</a></li><li><a id="ea7da604-1462-b59d-2e7c-33be27e4e4e6" class="has-submenu" href="ea7da604-1462-b59d-2e7c-33be27e4e4e6.htm"><span data-tocFile="../toc/IDBGB.xml" class="icon toggle" onclick="ToggleExpandCollapse(this); return false;"><i class="fa fa-angle-right"> </i></span>Properties</a><ul class="toc-menu is-hidden"> </ul></li><li><a id="9d5b37a2-1555-7753-79d6-a0fec418b427" href="9d5b37a2-1555-7753-79d6-a0fec418b427.htm">Methods</a></li><li><a id="60ba45b0-fd77-425f-dd65-0db9b9eb2715" href="60ba45b0-fd77-425f-dd65-0db9b9eb2715.htm">Events</a></li><li><a id="a2a3e167-bed4-5161-5300-6332b1740385" class="has-submenu" href="a2a3e167-bed4-5161-5300-6332b1740385.htm"><span data-tocFile="../toc/IDEGB.xml" class="icon toggle" onclick="ToggleExpandCollapse(this); return false;"><i class="fa fa-angle-right"> </i></span>Fields</a><ul class="toc-menu is-hidden"> </ul></li></tocItems></toc>