﻿<?xml version="1.0" encoding="utf-8"?><toc><breadcrumbs><li><a href="8a9df0d3-e58e-b424-4867-7bd645819a07.htm">Docs</a></li><li><a href="5bd5c5e3-9138-73cc-5bf0-32a77cef8cf9.htm">Mediateq_<wbr />AP_<wbr />SIO<wbr />2.<wbr />metier</a></li><li><a href="a3202a96-e117-3f2e-7fa0-5fde54bd533f.htm">Hash</a></li></breadcrumbs><tocItems><li><a id="69536e79-ed39-ee31-2ee1-a46467cf8ea3" href="69536e79-ed39-ee31-2ee1-a46467cf8ea3.htm">Constructor</a></li><li><a id="02a3f590-4040-1bfd-2cb8-31e6c784c619" class="has-submenu" href="02a3f590-4040-1bfd-2cb8-31e6c784c619.htm"><span data-tocFile="../toc/IDBHB.xml" class="icon toggle" onclick="ToggleExpandCollapse(this); return false;"><i class="fa fa-angle-right"> </i></span>Methods</a><ul class="toc-menu is-hidden"> </ul></li></tocItems></toc>