﻿<?xml version="1.0" encoding="utf-8"?><toc><breadcrumbs><li><a href="8a9df0d3-e58e-b424-4867-7bd645819a07.htm">Docs</a></li><li><a href="5bd5c5e3-9138-73cc-5bf0-32a77cef8cf9.htm">Mediateq_<wbr />AP_<wbr />SIO<wbr />2.<wbr />metier</a></li><li><a href="e1c50d3e-66eb-c7cf-8f43-2f80aebd5243.htm">Livre</a></li></breadcrumbs><tocItems><li><a id="2e22fcb0-927d-1052-d37f-efe7ac9accab" href="2e22fcb0-927d-1052-d37f-efe7ac9accab.htm">Constructor</a></li><li><a id="89661324-43df-6769-de3d-a15fba071283" class="has-submenu" href="89661324-43df-6769-de3d-a15fba071283.htm"><span data-tocFile="../toc/IDBIB.xml" class="icon toggle" onclick="ToggleExpandCollapse(this); return false;"><i class="fa fa-angle-right"> </i></span>Properties</a><ul class="toc-menu is-hidden"> </ul></li><li><a id="ff9e73aa-8fa6-ab59-04f0-8354fafe3f1d" href="ff9e73aa-8fa6-ab59-04f0-8354fafe3f1d.htm">Methods</a></li><li><a id="f43af4a9-bd73-79ee-ccdf-6b485ef6fa5c" class="has-submenu" href="f43af4a9-bd73-79ee-ccdf-6b485ef6fa5c.htm"><span data-tocFile="../toc/IDDIB.xml" class="icon toggle" onclick="ToggleExpandCollapse(this); return false;"><i class="fa fa-angle-right"> </i></span>Fields</a><ul class="toc-menu is-hidden"> </ul></li></tocItems></toc>