﻿<?xml version="1.0" encoding="utf-8"?><toc><breadcrumbs><li><a href="8a9df0d3-e58e-b424-4867-7bd645819a07.htm">Docs</a></li><li><a href="5bd5c5e3-9138-73cc-5bf0-32a77cef8cf9.htm">Mediateq_<wbr />AP_<wbr />SIO<wbr />2.<wbr />metier</a></li><li><a href="4861a624-0ef7-b876-8a11-cbcf7fb0af48.htm">Parution</a></li></breadcrumbs><tocItems><li><a id="5f38e224-daf2-3772-2e7b-dc618b94de52" href="5f38e224-daf2-3772-2e7b-dc618b94de52.htm">Constructor</a></li><li><a id="ec00abe7-5dc0-97ad-dcb3-82e24f765e5e" class="has-submenu" href="ec00abe7-5dc0-97ad-dcb3-82e24f765e5e.htm"><span data-tocFile="../toc/IDBJB.xml" class="icon toggle" onclick="ToggleExpandCollapse(this); return false;"><i class="fa fa-angle-right"> </i></span>Properties</a><ul class="toc-menu is-hidden"> </ul></li><li><a id="5056a7d4-d319-5951-7745-20402313a141" href="5056a7d4-d319-5951-7745-20402313a141.htm">Methods</a></li><li><a id="d84a0285-9a13-ad18-fea0-2272e68ed8b2" class="has-submenu" href="d84a0285-9a13-ad18-fea0-2272e68ed8b2.htm"><span data-tocFile="../toc/IDDJB.xml" class="icon toggle" onclick="ToggleExpandCollapse(this); return false;"><i class="fa fa-angle-right"> </i></span>Fields</a><ul class="toc-menu is-hidden"> </ul></li></tocItems></toc>