﻿<?xml version="1.0" encoding="utf-8"?><toc><breadcrumbs><li><a href="8a9df0d3-e58e-b424-4867-7bd645819a07.htm">Docs</a></li><li><a href="5bd5c5e3-9138-73cc-5bf0-32a77cef8cf9.htm">Mediateq_<wbr />AP_<wbr />SIO<wbr />2.<wbr />metier</a></li><li><a href="c6745b61-1129-4e30-0a1e-b6633788b177.htm">Revue</a></li></breadcrumbs><tocItems><li><a id="1300f7a6-0e95-e7b1-99f9-0b7a2a5bfa2b" href="1300f7a6-0e95-e7b1-99f9-0b7a2a5bfa2b.htm">Constructor</a></li><li><a id="940b2de8-6532-5147-a203-db38170fd514" class="has-submenu" href="940b2de8-6532-5147-a203-db38170fd514.htm"><span data-tocFile="../toc/IDBKB.xml" class="icon toggle" onclick="ToggleExpandCollapse(this); return false;"><i class="fa fa-angle-right"> </i></span>Properties</a><ul class="toc-menu is-hidden"> </ul></li><li><a id="4975596c-ca89-6e6c-512c-cb2545e4e8d5" href="4975596c-ca89-6e6c-512c-cb2545e4e8d5.htm">Methods</a></li><li><a id="2f2c3f3e-ec02-300f-9560-a99f2198560c" class="has-submenu" href="2f2c3f3e-ec02-300f-9560-a99f2198560c.htm"><span data-tocFile="../toc/IDDKB.xml" class="icon toggle" onclick="ToggleExpandCollapse(this); return false;"><i class="fa fa-angle-right"> </i></span>Fields</a><ul class="toc-menu is-hidden"> </ul></li></tocItems></toc>