﻿<?xml version="1.0" encoding="utf-8"?><toc><breadcrumbs><li><a href="8a9df0d3-e58e-b424-4867-7bd645819a07.htm">Docs</a></li><li><a href="5bd5c5e3-9138-73cc-5bf0-32a77cef8cf9.htm">Mediateq_<wbr />AP_<wbr />SIO<wbr />2.<wbr />metier</a></li><li><a href="0e0e04dc-f48f-ea33-899f-aaedcf85d3c8.htm">User</a></li></breadcrumbs><tocItems><li><a id="7bc2c780-aea5-6b48-5efd-fed0cf5fd3e4" href="7bc2c780-aea5-6b48-5efd-fed0cf5fd3e4.htm">Constructor</a></li><li><a id="e2580904-fd38-0cf1-99bc-351ddb48e9ff" class="has-submenu" href="e2580904-fd38-0cf1-99bc-351ddb48e9ff.htm"><span data-tocFile="../toc/IDBLB.xml" class="icon toggle" onclick="ToggleExpandCollapse(this); return false;"><i class="fa fa-angle-right"> </i></span>Methods</a><ul class="toc-menu is-hidden"> </ul></li><li><a id="f6600b90-5a7d-e61e-41e0-242f85a2f425" class="has-submenu" href="f6600b90-5a7d-e61e-41e0-242f85a2f425.htm"><span data-tocFile="../toc/IDCLB.xml" class="icon toggle" onclick="ToggleExpandCollapse(this); return false;"><i class="fa fa-angle-right"> </i></span>Fields</a><ul class="toc-menu is-hidden"> </ul></li></tocItems></toc>