﻿<?xml version="1.0" encoding="utf-8"?><toc><breadcrumbs><li><a href="8a9df0d3-e58e-b424-4867-7bd645819a07.htm">Docs</a></li><li><a href="8a9df0d3-e58e-b424-4867-7bd645819a07.htm">Mediateq_<wbr />AP_<wbr />SIO<wbr />2</a></li><li><a href="e39ecf92-0802-0bdc-f489-112508fde1a6.htm">Frm<wbr />Mediateq</a></li><li><a href="24f61ed2-b7fb-6012-c95f-376f31493755.htm">Methods</a></li><li><a href="2deec902-49b9-6a03-708b-95aab01e40a7.htm">Dispose</a></li></breadcrumbs><tocItems><li><a id="afc9de05-82a1-d513-3722-01d7afc580f4" href="afc9de05-82a1-d513-3722-01d7afc580f4.htm">Dispose(<wbr />Boolean)</a></li></tocItems></toc>