﻿<?xml version="1.0" encoding="utf-8"?><toc><breadcrumbs><li><a href="8a9df0d3-e58e-b424-4867-7bd645819a07.htm">Docs</a></li></breadcrumbs><tocItems><li><a id="8a9df0d3-e58e-b424-4867-7bd645819a07" class="has-submenu" href="8a9df0d3-e58e-b424-4867-7bd645819a07.htm"><span data-tocFile="../toc/IDA.xml" class="icon toggle" onclick="ToggleExpandCollapse(this); return false;"><i class="fa fa-angle-right"> </i></span>Mediateq_<wbr />AP_<wbr />SIO<wbr />2</a><ul class="toc-menu is-hidden"> </ul></li><li><a id="5bd5c5e3-9138-73cc-5bf0-32a77cef8cf9" class="has-submenu" href="5bd5c5e3-9138-73cc-5bf0-32a77cef8cf9.htm"><span data-tocFile="../toc/IDB.xml" class="icon toggle" onclick="ToggleExpandCollapse(this); return false;"><i class="fa fa-angle-right"> </i></span>Mediateq_<wbr />AP_<wbr />SIO<wbr />2.<wbr />metier</a><ul class="toc-menu is-hidden"> </ul></li><li><a id="7da61a03-d7ac-6bb0-a7ff-f7d8fdb5ea54" class="has-submenu" href="7da61a03-d7ac-6bb0-a7ff-f7d8fdb5ea54.htm"><span data-tocFile="../toc/IDC.xml" class="icon toggle" onclick="ToggleExpandCollapse(this); return false;"><i class="fa fa-angle-right"> </i></span>Mediateq_<wbr />AP_<wbr />SIO<wbr />2.<wbr />modele</a><ul class="toc-menu is-hidden"> </ul></li></tocItems></toc>